eccentricity,contrast,q
-35.,1.,0.61010396
-35.,0.125,0.60337632
-35.,1.,0.61869807
35.,0.0625,0.55997489
-35.,0.25,0.67488689
-35.,0.,0.65214593
-35.,0.125,0.4835406
35.,0.125,0.48355817
-35.,0.0625,0.67839508
-35.,0.125,0.4548179
-35.,1.,0.43818732
-35.,0.0625,0.57351391
35.,0.25,0.6749371
35.,0.25,0.49087798
3.50000000e+01,2.50000000e-01,6.78415132e-01
-35.,0.,0.57403837
-35.,0.25,0.52894613
-35.,0.,0.40628186
35.,1.,0.43629844
35.,0.125,0.60033757
-35.,0.125,0.63910949
35.,1.,0.56888494
-35.,0.25,0.46916938
-35.,0.25,0.60872326
-35.,1.,0.52663213
35.,0.25,0.49897526
35.,0.25,0.50972008
35.,0.0625,0.42455413
-35.,1.,0.69883937
-35.,0.0625,0.40233349
-35.,1.,0.40274646
35.,0.125,0.63727836
35.,0.0625,0.63132081
35.,0.125,0.49078952
-35.,1.,0.55240205
35.,1.,0.49981824
-35.,1.,0.67386826
35.,0.0625,0.49149552
35.,0.125,0.51755167
35.,0.25,0.47642853
35.,1.,0.42273453
35.,1.,0.60050056
-35.,0.25,0.43358542
-35.,0.125,0.42642648
-35.,0.125,0.54159987
35.,0.25,0.45696222
-35.,0.25,0.49718838
35.,0.,0.49367117
-35.,0.0625,0.60764612
-35.,0.25,0.45811627
-35.,0.,0.4029073
35.,0.125,0.65759825
-35.,0.0625,0.58988653
35.,0.25,0.67867804
35.,0.125,0.56386857
-35.,0.25,0.43782548
-35.,1.,0.56973075
35.,1.,0.4906789
-35.,0.125,0.67067083
35.,1.,0.60373886
35.,0.0625,0.61638382
35.,0.,0.57643298
-35.,0.0625,0.64188509
35.,0.25,0.67947798
35.,0.125,0.42911885
35.,0.,0.63098569
-35.,0.0625,0.44760715
35.,0.125,0.45551977
35.,0.125,0.5822274
-35.,0.25,0.55313987
35.,0.0625,0.52262222
35.,0.0625,0.6508241
35.,0.0625,0.5777386
-35.,0.,0.63625869
-35.,1.,0.47836885
35.,0.0625,0.49233764
35.,0.,0.63169583
35.,0.25,0.4186381
-35.,0.0625,0.5726476
35.,1.,0.44654671
-35.,0.0625,0.55042431
35.,0.,0.44991984
-35.,0.125,0.60736128
-35.,0.25,0.62743348
-35.,0.125,0.42695482
-35.,0.125,0.53741614
35.,1.,0.43225202
35.,0.0625,0.64053457
35.,1.,0.45354204
-35.,0.0625,0.59663054
35.,1.,0.45498636
-35.,0.0625,0.46514422
-35.,0.25,0.66520126
-35.,0.,0.67115569
-35.,0.0625,0.63510351
-35.,0.25,0.41851304
35.,0.0625,0.66399865
-35.,0.25,0.5560808
-35.,1.,0.51876487
-35.,0.0625,0.47912416
-35.,1.,0.51891759
-35.,1.,0.61439203
-35.,0.25,0.48255347
-35.,0.125,0.52610769
-35.,0.125,0.42711892
35.,0.0625,0.60771286
-35.,0.0625,0.56201151
-35.,0.0625,0.42296981
-35.,0.25,0.43626964
-35.,0.25,0.43087253
-35.,0.125,0.47595581
-35.,0.25,0.5506625
-35.,0.25,0.60793908
35.,1.,0.50794725
-35.,0.0625,0.45786191
-3.50000000e+01,2.50000000e-01,4.52606436e-01
-35.,0.125,0.58123948
-35.,0.125,0.43575034
35.,0.25,0.45857461
-35.,0.0625,0.5693181
35.,0.0625,0.45421722
35.,0.0625,0.55179531
-35.,0.,0.51378568
35.,0.25,0.57337521
-35.,0.125,0.48836563
35.,0.125,0.46366485
35.,0.,0.64569373
-35.,1.,0.41857054
35.,0.25,0.60770701
35.,0.,0.44150092
35.,0.0625,0.42175381
35.,0.0625,0.64991308
-35.,0.0625,0.44028849
35.,0.25,0.57075741
3.50000000e+01,0.00000000e+00,4.45163034e-01
35.,0.0625,0.52646939
35.,0.125,0.51558674
-35.,1.,0.47098876
-35.,1.,0.52063641
-35.,0.,0.400604
35.,0.125,0.50444449
35.,0.,0.40044516
35.,0.25,0.63282822
35.,0.125,0.46286442
35.,0.25,0.64437038
35.,1.,0.44662698
35.,0.0625,0.52542687
35.,0.25,0.6044024
-35.,0.,0.5498625
3.50000000e+01,2.50000000e-01,4.57985692e-01
35.,0.125,0.43904929
35.,0.25,0.40448723
35.,1.,0.4447508
35.,1.,0.68167297
35.,0.125,0.59064804
-35.,0.25,0.44916884
35.,1.,0.68684692
35.,0.0625,0.40249853
35.,0.0625,0.45805564
-35.,0.25,0.56077461
35.,0.125,0.54350995
-35.,0.25,0.45110128
35.,0.0625,0.42384996
35.,0.25,0.54747687
35.,0.0625,0.48570859
35.,0.125,0.66434087
35.,0.0625,0.63079846
35.,0.0625,0.50398735
35.,1.,0.53886416
-35.,0.,0.58713246
35.,1.,0.49047043
35.,0.0625,0.51503084
35.,0.25,0.43609984
35.,0.125,0.50390797
35.,0.0625,0.62066704
35.,0.0625,0.44615827
35.,1.,0.65799963
35.,0.,0.41584472
35.,0.0625,0.53496129
-35.,0.0625,0.69077425
35.,0.0625,0.53407876
-35.,0.125,0.56592841
35.,0.0625,0.64160669
35.,0.,0.6650795
-35.,0.125,0.65692504
-35.,0.,0.51631821
35.,0.25,0.47328707
35.,0.,0.56900499
35.,1.,0.48230627
35.,0.125,0.47441337
35.,1.,0.4813388
-35.,0.0625,0.51611482
35.,0.0625,0.54902811
35.,1.,0.63675029
-35.,0.0625,0.58048833
-35.,1.,0.47439134
-35.,0.,0.406622
-35.,0.,0.4073121
35.,0.125,0.63901338
35.,0.0625,0.54623721
-35.,0.25,0.4077597
35.,0.25,0.43013875
-35.,0.125,0.62426128
-35.,0.,0.60776034
35.,1.,0.58133598
-35.,0.25,0.63630928
35.,0.125,0.5241372
35.,0.0625,0.41098704
-35.,1.,0.46667057
-35.,0.125,0.41708389
-35.,0.125,0.5256386
-35.,0.25,0.42233746
35.,0.125,0.49234346
-35.,0.25,0.47983228
35.,0.25,0.56098855
35.,0.125,0.44119835
35.,0.0625,0.69417701
35.,0.0625,0.41949594
35.,0.,0.64167412
-35.,0.,0.46488845
-35.,0.125,0.60801718
35.,0.125,0.51607048
-35.,0.0625,0.46160743
35.,1.,0.68648266
35.,0.125,0.48875819
35.,0.0625,0.58026807
-35.,0.,0.5507492
-35.,1.,0.47791789
-3.50000000e+01,6.25000000e-02,4.41242279e-01
35.,0.25,0.45303873
-35.,1.,0.57906808
35.,0.25,0.69360943
-35.,1.,0.43398556
35.,0.25,0.63072898
-35.,1.,0.60221925
35.,0.,0.51653942
35.,0.25,0.50798521
35.,0.0625,0.45456609
35.,0.0625,0.59756149
35.,0.0625,0.45513902
35.,0.0625,0.56268564
35.,0.25,0.47635378
35.,0.25,0.56632716
35.,0.25,0.41793409
-35.,1.,0.54869222
-35.,1.,0.51450334
-35.,0.25,0.44689842
-35.,0.25,0.62202554
-35.,1.,0.58991921
-35.,1.,0.50059292
-35.,1.,0.64392816
-35.,1.,0.54745143
-35.,0.125,0.47874262
-35.,0.25,0.58636752
35.,0.,0.44448654
-35.,1.,0.53882247
35.,0.25,0.5960374
-35.,0.0625,0.45362637
-35.,0.125,0.52071898
-35.,1.,0.46953243
-35.,0.125,0.40871073
-35.,0.0625,0.53915403
-35.,1.,0.41172283
-35.,0.25,0.69348014
35.,1.,0.68937858
35.,0.125,0.57892085
35.,0.0625,0.53543106
35.,0.25,0.44315544
35.,0.25,0.54268983
35.,0.0625,0.51122637
-35.,0.125,0.53353562
35.,1.,0.64729484
35.,1.,0.42125448
35.,0.125,0.41446705
35.,1.,0.46090187
35.,0.0625,0.69197068
35.,1.,0.62908117
35.,0.0625,0.43127585
35.,0.0625,0.47788149
35.,1.,0.46455501
35.,0.,0.42977591
35.,1.,0.63201203
35.,0.0625,0.59523333
35.,0.125,0.43507314
35.,0.125,0.6347543
35.,0.25,0.46046974
35.,0.25,0.57857155
35.,0.25,0.5009974
35.,0.125,0.60497282
35.,0.25,0.40631557
-35.,0.125,0.6680229
35.,0.125,0.40806934
35.,1.,0.54405262
35.,0.0625,0.6612234
35.,1.,0.52232413
35.,1.,0.50883029
-35.,1.,0.49389338
35.,0.0625,0.43708021
35.,1.,0.54965607
-35.,0.0625,0.53159113
-35.,0.25,0.60832491
-35.,1.,0.54393575
-35.,0.25,0.55451372
-35.,1.,0.49973992
-35.,0.0625,0.64036368
-35.,0.125,0.58350368
35.,0.0625,0.47428319
-35.,0.25,0.41871837
-35.,0.,0.41897542
35.,0.125,0.4391076
-35.,0.25,0.45295732
-35.,1.,0.42961224
-35.,0.0625,0.61660328
35.,1.,0.65559158
-35.,1.,0.48018988
-35.,0.125,0.67710227
-35.,0.0625,0.64623827
-35.,0.,0.63398097
-35.,0.25,0.46750409
35.,1.,0.62866827
-35.,0.125,0.63943745
35.,0.25,0.46880274
-35.,0.0625,0.45338568
-35.,1.,0.51671943
35.,0.0625,0.47489661
-35.,1.,0.42265052
-35.,0.0625,0.40690641
-35.,0.125,0.45830067
-35.,0.25,0.5145116
-35.,1.,0.45414067
35.,0.25,0.54458466
-35.,0.125,0.58028002
-35.,0.,0.67346875
-35.,0.125,0.4264793
-35.,0.25,0.69165147
-35.,0.25,0.63768756
-35.,1.,0.60427221
-35.,1.,0.48110625
-35.,0.25,0.67324124
-35.,0.25,0.47352683
35.,0.,0.63018987
-35.,1.,0.60090969
-35.,0.,0.57368278
-35.,1.,0.40233519
-35.,0.0625,0.47037275
-35.,0.125,0.50322529
-35.,0.125,0.54062769
-35.,0.125,0.67437144
-3.50000000e+01,2.50000000e-01,5.28053789e-01
-35.,1.,0.51105163
-35.,0.125,0.45436673
35.,1.,0.477254
-35.,0.125,0.45280175
-35.,0.125,0.44316435
-35.,0.25,0.55867709
-35.,0.125,0.45886685
35.,0.0625,0.44125169
35.,0.25,0.53513499
35.,0.,0.53882043
-35.,0.0625,0.49356303
35.,1.,0.40847699
35.,0.0625,0.47337704
35.,0.25,0.69659307
35.,1.,0.61628641
-35.,0.125,0.63143978
-35.,0.0625,0.47092354
35.,0.125,0.44279645
3.50000000e+01,6.25000000e-02,5.21904410e-01
-35.,0.0625,0.5570206
35.,0.25,0.65939868
35.,0.125,0.56994056
-35.,0.25,0.61141118
35.,0.125,0.61977341
35.,0.25,0.57162636
35.,0.125,0.58225415
3.50000000e+01,6.25000000e-02,6.33072334e-01
35.,0.0625,0.59916915
35.,0.0625,0.41374978
35.,0.125,0.4421131
3.50000000e+01,1.00000000e+00,6.96355872e-01
35.,0.25,0.57086064
35.,1.,0.65116947
35.,0.125,0.58435676
35.,0.25,0.50741918
35.,0.0625,0.58528091
35.,1.,0.46460056
35.,1.,0.47852798
35.,0.0625,0.50160603
35.,0.0625,0.42468366
-35.,0.25,0.56249401
35.,1.,0.45828591
35.,0.125,0.40937146
35.,0.125,0.44724203
-35.,0.0625,0.4793049
35.,0.0625,0.41689258
35.,0.0625,0.45648471
35.,0.0625,0.57096558
35.,0.25,0.63135943
35.,0.25,0.59006542
35.,0.0625,0.46334054
35.,0.25,0.4904248
-35.,1.,0.61878761
-35.,1.,0.48345609
35.,0.,0.50526937
35.,1.,0.50454051
35.,1.,0.48078132
35.,0.125,0.63061985
35.,1.,0.40302144
35.,0.25,0.61032905
35.,0.25,0.50514111
35.,0.0625,0.66417864
35.,1.,0.45816483
35.,1.,0.6098057
35.,1.,0.65487466
35.,0.125,0.53473703
35.,0.125,0.60850144
35.,0.,0.58798352
-35.,0.25,0.42621892
35.,1.,0.46521679
35.,0.,0.56674825
35.,0.,0.52437907
35.,0.,0.57786681
-35.,1.,0.50429394
35.,0.125,0.40757252
-35.,0.0625,0.4290116
-35.,0.125,0.62319972
-35.,0.125,0.53637078
35.,1.,0.66218547
-35.,0.25,0.53790822
-35.,0.25,0.46881998
-35.,0.0625,0.47832458
-35.,0.,0.59814554
-35.,0.25,0.65408219
-35.,0.25,0.61523344
-35.,0.0625,0.69028989
-35.,0.,0.46767737
35.,0.125,0.5009596
-35.,0.25,0.5531476
-35.,0.,0.55197368
-35.,0.0625,0.61700573
-35.,0.,0.5122124
-35.,1.,0.5354704
35.,1.,0.42857979
-35.,0.0625,0.58474929
-35.,0.0625,0.43380436
35.,0.,0.6753842
-35.,0.125,0.67698498
-35.,0.0625,0.61818483
-35.,0.25,0.61323151
-35.,1.,0.45464545
-35.,1.,0.55739663
-35.,0.125,0.55042995
-35.,1.,0.54651612
-35.,0.25,0.47386165
-35.,1.,0.5920587
-35.,0.25,0.4074101
-35.,0.,0.63598332
-35.,1.,0.42163574
35.,0.0625,0.59217019
-35.,0.25,0.60384213
35.,0.125,0.56339873
35.,0.25,0.40318516
35.,0.0625,0.6074141
35.,0.25,0.40378414
-35.,0.25,0.47399806
35.,0.25,0.44763821
35.,0.25,0.40875909
-35.,0.125,0.40746549
35.,0.125,0.49131543
35.,0.,0.46679236
-35.,0.25,0.40613394
35.,0.125,0.65342789
-35.,0.125,0.62023006
35.,0.25,0.52656238
35.,1.,0.41420456
35.,0.25,0.40295235
-35.,1.,0.42179446
35.,0.125,0.68344152
-35.,0.25,0.44131256
35.,0.25,0.49234916
35.,0.0625,0.51530657
35.,0.0625,0.57098554
35.,0.0625,0.55109404
35.,1.,0.42397825
35.,0.,0.55017105
35.,1.,0.46451986
35.,0.25,0.48112885
-35.,0.25,0.46861279
-35.,0.0625,0.48929962
35.,0.,0.48949622
35.,0.0625,0.61327092
35.,1.,0.55042653
35.,1.,0.42794813
35.,1.,0.65469604
35.,1.,0.52110954
35.,0.,0.42795506
-3.50000000e+01,6.25000000e-02,6.52781335e-01
-35.,0.0625,0.54065535
35.,1.,0.50683831
-35.,0.125,0.53698755
-35.,0.,0.65587099
-35.,0.125,0.54480702
-35.,0.0625,0.42764487
35.,0.,0.53757659
-35.,1.,0.63096774
-35.,0.,0.41985551
-35.,1.,0.68605194
35.,0.,0.45004209
-35.,0.0625,0.61326404
-35.,1.,0.56125176
-35.,0.25,0.51332021
-35.,0.25,0.4916794
-35.,1.,0.49995739
-35.,0.,0.44109896
-35.,0.0625,0.48709636
-35.,1.,0.51171092
-35.,0.,0.54441757
-35.,1.,0.53538546
-35.,0.0625,0.40888277
-35.,0.25,0.4129034
-35.,1.,0.40231211
-35.,1.,0.54001695
-35.,1.,0.56079059
-35.,0.125,0.53486359
35.,0.125,0.69495616
-35.,0.,0.44248186
-35.,1.,0.67790476
-35.,0.,0.68243668
35.,0.25,0.5255857
-35.,1.,0.44671785
-35.,0.25,0.53810721
-35.,0.,0.41451626
35.,0.25,0.58463263
-35.,1.,0.64096414
-35.,0.125,0.68803974
-35.,1.,0.64157165
-35.,0.25,0.57737754
-35.,1.,0.55028768
-35.,1.,0.40410751
-35.,1.,0.63487821
35.,1.,0.52584081
35.,0.25,0.64512043
35.,0.,0.4102681
-35.,0.25,0.63234776
-35.,1.,0.6003696
-35.,0.25,0.46401958
-35.,1.,0.40902479
-35.,0.0625,0.54934567
-35.,0.125,0.42381998
-35.,0.0625,0.50099162
35.,0.25,0.47004025
35.,0.,0.44673527
35.,0.25,0.69186368
35.,0.125,0.66214209
-35.,0.0625,0.53240168
-35.,0.25,0.46931401
-35.,0.25,0.61061022
-35.,0.25,0.6111428
35.,0.,0.43053288
-35.,0.125,0.42137031
35.,0.125,0.45368592
35.,0.25,0.47866362
35.,0.125,0.55183793
35.,0.25,0.40541431
35.,0.25,0.49190786
35.,0.125,0.40487761
35.,0.0625,0.63060226
35.,0.,0.40690708
35.,1.,0.60897054
35.,0.,0.4397869
-35.,0.,0.63604705
35.,0.125,0.40506742
35.,0.125,0.42340932
35.,0.25,0.65737218
35.,1.,0.47806562
35.,0.0625,0.57887117
-35.,1.,0.52175025
35.,0.,0.48971961
-35.,0.25,0.48631792
35.,0.25,0.63690151
35.,0.25,0.58523422
-35.,0.25,0.52215815
35.,0.25,0.53140985
35.,0.,0.59751268
35.,0.25,0.41194578
35.,0.0625,0.54943627
35.,0.0625,0.4140829
35.,0.125,0.561983
35.,1.,0.4287229
-35.,0.,0.52839713
-35.,0.25,0.43646834
-35.,0.0625,0.65054362
35.,0.,0.57058206
35.,0.25,0.60852341
-35.,0.125,0.42611284
-35.,0.125,0.6728035
-35.,0.25,0.45739612
-35.,0.0625,0.49695041
-35.,0.0625,0.4665931
-35.,0.125,0.46515971
-35.,0.0625,0.61414382
-35.,1.,0.62968102
-35.,0.125,0.515591
-35.,0.125,0.60327541
35.,0.0625,0.68323164
-35.,0.0625,0.4269656
35.,0.0625,0.48509175
-35.,0.25,0.44366491
-35.,0.125,0.42905836
35.,0.125,0.48763472
-35.,0.125,0.51188735
-35.,0.,0.65310844
-35.,0.25,0.68636487
-35.,0.125,0.43952004
-35.,0.125,0.43036932
35.,0.125,0.51222678
-35.,0.0625,0.42833821
-35.,0.125,0.50951199
-35.,0.25,0.54812287
35.,0.25,0.43329205
35.,1.,0.4909945
35.,0.0625,0.54729894
35.,1.,0.53534554
35.,0.25,0.6968151
35.,0.0625,0.56648771
35.,1.,0.44899906
35.,0.125,0.69352539
35.,0.25,0.44759355
-35.,0.0625,0.58152213
-35.,0.25,0.59238887
-35.,0.,0.6586762
35.,0.,0.54823824
35.,0.25,0.52842404
35.,0.125,0.54271667
35.,0.,0.63025812
35.,0.125,0.4316811
-35.,0.0625,0.43635412
-35.,0.125,0.5365039
35.,0.25,0.48854084
35.,0.,0.61602424
35.,0.25,0.55338443
35.,0.,0.48386291
-35.,1.,0.4779273
-35.,1.,0.64938045
-35.,0.0625,0.54805969
-35.,0.125,0.49129048
-35.,1.,0.68557965
-35.,0.125,0.47346979
-35.,1.,0.49671048
-35.,0.0625,0.53227164
35.,0.125,0.45224381
-35.,0.,0.53010936
-35.,0.,0.41577384
-35.,0.,0.69374945
-35.,0.125,0.46224591
-35.,0.0625,0.52850343
-35.,0.25,0.46511496
-35.,0.25,0.57358194
-35.,0.25,0.40432387
-35.,0.25,0.41944602
-35.,0.0625,0.47610797
-35.,1.,0.69744142
35.,0.0625,0.63864753
-35.,0.125,0.42528263
-35.,1.,0.42421086
-35.,1.,0.42838892
-35.,1.,0.51714864
35.,1.,0.60278974
-35.,0.25,0.65222097
-35.,0.125,0.63481565
-35.,0.0625,0.48444742
-35.,0.125,0.61069669
-35.,0.125,0.6632053
35.,0.25,0.66904426
-35.,1.,0.54629612
-35.,0.25,0.58620532
-35.,0.25,0.52383003
-35.,0.,0.59964528
-35.,0.125,0.42895543
-35.,1.,0.47267208
35.,0.25,0.54135401
35.,0.25,0.56477284
-35.,0.25,0.56781677
-35.,0.,0.43653886
-35.,0.,0.57041895
-35.,0.0625,0.40673342
-35.,0.0625,0.59555318
-35.,0.25,0.52203909
-35.,0.125,0.48327353
-35.,0.0625,0.49053856
-35.,1.,0.60871669
-35.,1.,0.51791198
-35.,1.,0.43889553
-35.,0.,0.52741395
-35.,0.25,0.44920797
-35.,1.,0.44818394
-35.,1.,0.44997647
-35.,0.0625,0.57597366
-35.,0.25,0.56215102
-35.,0.25,0.44072925
-35.,0.,0.59667668
-35.,0.25,0.45134833
-35.,0.0625,0.66092302
-35.,0.125,0.41370542
35.,0.125,0.44673789
-35.,0.,0.56904141
-35.,0.,0.42940538
-35.,1.,0.40947272
-35.,1.,0.4322414
-35.,0.125,0.53519495
-35.,0.0625,0.59315233
-35.,0.,0.43682793
-35.,0.125,0.44086714
-35.,1.,0.40678076
-35.,1.,0.54370752
-35.,1.,0.65440594
-35.,0.125,0.5042144
-35.,0.0625,0.5648794
-35.,0.125,0.56166039
-35.,0.0625,0.42049898
-35.,0.0625,0.64272571
-35.,0.0625,0.43939008
-35.,0.125,0.50178465
-35.,0.25,0.63464173
35.,0.0625,0.54239126
35.,0.125,0.53444278
35.,0.125,0.40153656
35.,0.,0.45595435
35.,0.0625,0.40350611
35.,0.125,0.4374352
35.,0.25,0.62182783
-35.,0.125,0.45502898
35.,0.125,0.51213624
35.,1.,0.44006197
35.,0.0625,0.51452008
35.,0.125,0.51509997
35.,0.25,0.47164879
35.,0.0625,0.59999797
-35.,0.125,0.62220154
35.,0.0625,0.42620353
-35.,0.25,0.43103476
-35.,0.25,0.42136979
35.,1.,0.48154132
35.,0.125,0.40952547
-35.,0.125,0.59418534
35.,1.,0.48060991
35.,0.,0.4702908
-35.,0.,0.54293435
-35.,0.0625,0.41275454
-35.,0.25,0.58020435
-35.,0.125,0.42247503
-35.,0.,0.63646501
-3.50000000e+01,0.00000000e+00,6.97942845e-01
35.,0.25,0.64854773
-35.,0.0625,0.49256629
-35.,0.25,0.43478258
35.,0.25,0.60752819
-35.,1.,0.68202668
35.,0.25,0.65628064
-35.,0.25,0.4835554
-35.,0.25,0.52577525
-35.,1.,0.55153938
-35.,0.25,0.42845127
-35.,0.0625,0.4823238
-35.,0.125,0.45894915
-35.,0.0625,0.4345877
-35.,0.0625,0.64672047
-35.,0.0625,0.48058078
-35.,0.125,0.69562045
-35.,0.0625,0.4504248
-35.,1.,0.44543537
35.,0.0625,0.64368324
-35.,0.25,0.40546206
-35.,1.,0.44894005
-35.,0.125,0.52984432
-35.,0.25,0.61238101
-35.,1.,0.53966911
-35.,0.125,0.56829704
-35.,0.25,0.5092363
35.,0.125,0.56791167
-35.,0.0625,0.46912689
35.,0.0625,0.50783191
-35.,0.125,0.43139909
-35.,0.,0.51084649
-35.,1.,0.5093728
-35.,0.0625,0.55044631
-35.,0.0625,0.41028089
-35.,0.125,0.52818815
-35.,1.,0.66135057
-35.,0.0625,0.413151
-35.,0.,0.43964387
35.,0.,0.57650183
-35.,0.0625,0.49811077
-35.,0.25,0.42307128
-35.,0.,0.54473542
-35.,0.25,0.43078101
-35.,1.,0.40584943
-35.,1.,0.42637293
-35.,0.0625,0.62488496
-35.,0.,0.63730375
35.,1.,0.40913114
-35.,0.125,0.5587928
-35.,0.25,0.50004869
-35.,1.,0.42212173
-35.,0.0625,0.59556729
-35.,1.,0.506407
-35.,1.,0.66511517
-35.,0.0625,0.47845279
35.,0.0625,0.63303676
-35.,1.,0.40417688
-35.,1.,0.4826677
-35.,0.,0.69647894
-35.,0.0625,0.50412246
35.,0.25,0.43911025
-35.,0.25,0.4254974
-35.,0.25,0.59724452
35.,0.25,0.57279096
-35.,0.25,0.5492661
-35.,1.,0.44125455
-35.,0.25,0.47301411
-35.,0.0625,0.44003176
-35.,0.125,0.60242784
-35.,0.25,0.43594844
35.,1.,0.41304596
-35.,0.25,0.40042993
-35.,0.125,0.6681975
-35.,1.,0.45829327
-35.,0.,0.6881297
35.,0.125,0.42241147
-35.,0.25,0.58051616
35.,1.,0.65069218
35.,0.25,0.60115487
35.,0.25,0.57272835
-35.,0.125,0.51759713
-35.,0.25,0.63401227
35.,0.125,0.65895056
35.,0.125,0.63788937
35.,0.0625,0.46216117
35.,0.0625,0.64380171
35.,0.25,0.46592904
-35.,0.0625,0.51187645
35.,0.,0.62186254
35.,0.125,0.44922069
35.,0.,0.42624234
35.,1.,0.55739583
35.,0.25,0.60002674
35.,0.25,0.4590228
35.,1.,0.45195928
35.,0.0625,0.43779355
35.,0.,0.437594
35.,0.0625,0.45117525
35.,0.25,0.48105496
-35.,0.125,0.59818544
35.,0.,0.56642729
35.,1.,0.62999312
35.,0.,0.4732726
-35.,0.125,0.55227664
35.,0.25,0.51840235
35.,0.,0.41448971
35.,0.25,0.63433898
35.,1.,0.5563225
35.,0.125,0.4548136
35.,0.125,0.55133909
35.,0.25,0.44581798
-35.,1.,0.42768389
35.,0.0625,0.53468362
35.,1.,0.42577971
35.,0.0625,0.63993963
35.,0.125,0.66182689
35.,0.125,0.55625523
35.,0.125,0.65129299
35.,0.25,0.47720891
35.,1.,0.40941017
35.,1.,0.52206701
35.,0.25,0.60674401
35.,0.25,0.64193882
35.,1.,0.65832454
35.,0.0625,0.66699309
35.,0.0625,0.41965629
35.,0.25,0.58383065
-35.,0.125,0.6390185
-35.,1.,0.51111937
35.,0.25,0.53057364
-35.,0.125,0.61189026
35.,0.0625,0.42225865
-35.,0.125,0.50393731
3.50000000e+01,1.25000000e-01,5.98886135e-01
35.,1.,0.59508189
35.,1.,0.4189153
-35.,0.25,0.66915006
35.,0.0625,0.46426829
-35.,0.25,0.4745617
35.,0.25,0.46507851
35.,1.,0.40132763
35.,0.125,0.48564327
35.,0.125,0.42353572
-35.,0.0625,0.55870293
35.,1.,0.52100856
35.,0.125,0.51951899
35.,0.0625,0.41031099
35.,0.125,0.6306256
35.,1.,0.60825937
35.,1.,0.44359046
-35.,0.0625,0.63094328
-35.,1.,0.47676114
-35.,0.125,0.48006547
-35.,0.25,0.45235361
-35.,0.0625,0.62297782
-35.,0.125,0.41315408
-35.,0.125,0.6526388
-35.,0.,0.59534619
-35.,0.125,0.48912929
-35.,0.125,0.47157869
-35.,0.125,0.6781369
-35.,0.0625,0.49029393
-35.,0.125,0.6513357
-35.,1.,0.62962276
-35.,0.,0.47786143
-35.,0.25,0.4083373
-35.,0.125,0.49351491
35.,0.,0.57458534
-35.,0.125,0.42384805
-35.,0.125,0.66707681
-35.,0.0625,0.42087354
-35.,0.25,0.58245631
-35.,0.0625,0.40472869
-35.,0.0625,0.53298284
-35.,0.0625,0.68714239
35.,0.,0.44079498
-35.,0.0625,0.62229431
-35.,1.,0.53831124
-35.,0.125,0.66807893
35.,0.,0.41496916
35.,0.125,0.45414638
-35.,0.,0.4082919
-35.,0.0625,0.40199236
-35.,0.0625,0.43686949
-35.,0.125,0.446044
35.,0.125,0.4716563
35.,0.25,0.59509663
-35.,1.,0.60551489
-35.,0.125,0.49797765
35.,0.25,0.5412312
-35.,0.,0.48393339
35.,1.,0.49775309
35.,0.0625,0.4737669
-35.,1.,0.4806474
-35.,1.,0.64500961
-35.,1.,0.61416849
-35.,0.125,0.46246393
-35.,0.125,0.43611764
-35.,0.0625,0.40398923
-35.,1.,0.60129543
35.,0.25,0.61865337
-35.,0.125,0.42430817
-35.,0.125,0.63067397
-35.,1.,0.56857609
-35.,0.25,0.46741789
-35.,1.,0.66822599
-35.,0.,0.63408179
35.,0.0625,0.5693059
-35.,0.125,0.46577975
-35.,1.,0.44608564
-35.,0.25,0.40097274
-35.,1.,0.66026554
-35.,0.0625,0.54029103
-35.,0.25,0.51619465
-35.,0.25,0.41113222
35.,1.,0.61051626
-35.,0.125,0.52366872
35.,1.,0.49972686
35.,0.25,0.49617893
35.,0.25,0.50347666
35.,0.25,0.505264
35.,1.,0.43096596
-35.,0.,0.5434487
35.,0.125,0.40165617
35.,1.,0.46985013
-35.,1.,0.51188809
-35.,0.0625,0.68191033
35.,1.,0.45647799
35.,0.125,0.42073755
35.,0.125,0.63484272
-35.,0.0625,0.46796521
35.,0.,0.46039575
35.,0.0625,0.57658005
35.,0.25,0.60830289
35.,1.,0.62356668
35.,0.,0.60717364
-35.,1.,0.49802313
-35.,1.,0.62231579
-35.,0.25,0.4546728
35.,0.,0.44887806
-35.,0.0625,0.61150651
-35.,0.,0.50920597
-35.,0.125,0.60096341
35.,1.,0.50108014
35.,0.125,0.45097496
-35.,0.25,0.56296474
-3.50000000e+01,1.00000000e+00,6.46882301e-01
35.,0.125,0.53601831
-35.,0.0625,0.43750666
-35.,0.0625,0.45608801
-35.,1.,0.40172062
-3.50000000e+01,0.00000000e+00,4.63523506e-01
-35.,1.,0.59380963
-35.,0.0625,0.67459199
-35.,0.125,0.60203182
-35.,1.,0.58372144
-35.,0.,0.60194525
-35.,0.0625,0.42392276
-35.,0.0625,0.67921553
-35.,1.,0.59421476
-35.,1.,0.63404994
-35.,0.125,0.59136071
-35.,1.,0.60509498
35.,0.25,0.6858789
-35.,1.,0.50430996
-35.,0.0625,0.58843074
35.,0.25,0.51641304
-35.,0.25,0.58924095
-35.,0.25,0.43571987
-35.,0.125,0.56805816
-35.,0.25,0.46203964
35.,0.0625,0.69096851
-35.,0.25,0.48037302
-35.,0.0625,0.59216136
-35.,0.25,0.45239812
35.,0.125,0.56552058
-35.,0.0625,0.48187818
35.,0.125,0.54870097
-35.,0.25,0.63724254
-35.,0.25,0.47800363
-35.,0.,0.42449107
-35.,0.0625,0.6022054
-35.,0.25,0.63919569
-35.,0.25,0.63270986
-35.,1.,0.60480052
35.,1.,0.68329133
-35.,1.,0.4446562
35.,0.125,0.49118187
35.,0.0625,0.49333991
-35.,0.125,0.49481576
35.,1.,0.40605347
35.,0.25,0.40350383
-35.,0.0625,0.56370404
35.,0.25,0.5509773
35.,0.25,0.50446699
35.,0.0625,0.45183321
35.,0.0625,0.40843554
35.,0.25,0.42503832
35.,0.125,0.58680929
35.,0.,0.63185311
35.,0.125,0.40085587
35.,0.25,0.50001173
35.,0.25,0.52947216
35.,0.,0.51967768
35.,1.,0.63047797
-35.,0.25,0.5579031
35.,0.0625,0.40009182
35.,0.125,0.41893019
35.,0.,0.47281258
35.,0.,0.43608525
35.,1.,0.43051987
35.,0.125,0.47380308
35.,0.0625,0.4305825
-35.,1.,0.6091134
-35.,0.125,0.46683019
-35.,0.125,0.54747763
-35.,0.125,0.53801941
-35.,0.25,0.43001706
35.,1.,0.61612504
-35.,1.,0.42386743
-35.,0.25,0.43486555
-35.,0.25,0.46741343
35.,1.,0.6192336
-35.,1.,0.51886517
35.,0.25,0.4783052
35.,0.0625,0.56876524
-35.,0.,0.58022348
-35.,1.,0.48205479
-35.,0.25,0.40059975
-35.,1.,0.56794969
-35.,0.25,0.47695127
-35.,0.125,0.6312943
-35.,1.,0.66889517
-35.,0.,0.4247222
-35.,1.,0.6723776
-35.,1.,0.40167198
35.,1.,0.4515989
-35.,0.0625,0.49206006
-35.,0.125,0.56128579
35.,0.25,0.4179432
-35.,0.125,0.50281594
-35.,0.0625,0.62642465
-35.,1.,0.41637978
35.,0.25,0.46374138
35.,0.25,0.48411451
35.,0.0625,0.52627992
35.,0.0625,0.45644242
-35.,0.,0.46598976
-35.,0.125,0.4774417
35.,0.25,0.54123816
35.,0.0625,0.57288733
35.,0.0625,0.51404234
35.,0.0625,0.55419919
35.,1.,0.52756476
35.,0.0625,0.4120275
-35.,1.,0.41564797
35.,0.125,0.44011579
35.,0.25,0.57311037
35.,0.125,0.51316224
35.,0.,0.4292356
-35.,0.125,0.48445408
35.,1.,0.67689976
35.,0.0625,0.42071278
-35.,0.25,0.58952584
35.,0.25,0.526761
35.,0.125,0.54426419
-35.,0.0625,0.56308816
35.,1.,0.49751419
35.,0.0625,0.47180649
35.,1.,0.63039219
35.,0.0625,0.68495675
35.,0.,0.41503633
35.,0.0625,0.41360161
-35.,0.125,0.55384118
-35.,0.25,0.6240537
35.,0.0625,0.4741686
35.,0.125,0.52590101
35.,0.125,0.51171357
35.,0.25,0.63199024
35.,0.125,0.41137908
35.,0.25,0.56329741
35.,0.25,0.46096952
35.,0.,0.62118186
-35.,0.0625,0.51333157
-35.,0.25,0.41505028
-35.,0.125,0.40265959
-35.,0.25,0.43177898
-35.,0.,0.43753372
35.,0.0625,0.60618904
-35.,0.125,0.4341271
-35.,0.,0.67194635
-35.,1.,0.44137206
-3.50000000e+01,2.50000000e-01,5.07388520e-01
-35.,0.0625,0.48744948
-35.,0.125,0.55518676
-35.,0.0625,0.46692586
-35.,0.125,0.46210116
-35.,0.125,0.43684382
-35.,0.25,0.44716494
-35.,1.,0.44010108
-35.,0.0625,0.56561598
-35.,0.,0.6133607
-35.,0.125,0.61622243
-35.,0.25,0.56472786
-35.,0.125,0.66223955
-35.,0.125,0.48189948
-35.,0.,0.56711362
-35.,0.125,0.49909736
-35.,1.,0.50207873
-35.,0.25,0.42485623
-35.,0.25,0.58611057
-35.,1.,0.65134066
-35.,0.0625,0.53622326
-35.,0.25,0.44422438
35.,1.,0.51343726
-35.,0.,0.62357746
-3.50000000e+01,1.00000000e+00,4.29303600e-01
-35.,0.0625,0.58523776
-35.,1.,0.50223326
35.,0.,0.57477082
-35.,0.125,0.53336092
-35.,0.125,0.53238653
-35.,0.0625,0.62511584
-35.,0.,0.47927046
35.,1.,0.4942527
-35.,0.25,0.5122962
35.,0.25,0.69501956
-35.,0.0625,0.48764714
35.,0.0625,0.561768
-35.,0.25,0.44160165
35.,0.,0.64988406
-35.,0.0625,0.56239813
35.,0.125,0.44772975
35.,0.125,0.63662996
-35.,0.0625,0.48534275
35.,0.25,0.55019429
-35.,0.125,0.60316706
-35.,1.,0.49757354
-35.,0.25,0.60711757
-35.,0.0625,0.57644704
-35.,0.25,0.47815788
-35.,0.0625,0.5624413
-35.,0.0625,0.64128409
-35.,0.25,0.67430862
35.,0.125,0.58586879
-35.,0.0625,0.65082714
35.,0.0625,0.55412975
35.,0.125,0.41090939
35.,0.0625,0.45335084
35.,0.125,0.4698757
35.,0.25,0.58425078
35.,0.0625,0.5871718
-35.,0.125,0.52256294
35.,0.125,0.4725789
35.,0.0625,0.66511916
35.,0.125,0.59717261
35.,0.0625,0.50380551
35.,1.,0.61065096
35.,1.,0.56256776
35.,1.,0.56412193
-35.,0.25,0.58700837
35.,0.125,0.6538026
35.,0.0625,0.67709114
35.,0.0625,0.63521104
35.,0.0625,0.45780222
35.,1.,0.59218026
35.,1.,0.68083986
35.,0.25,0.45336366
35.,1.,0.42053449
-35.,0.0625,0.67019989
35.,0.25,0.45656017
35.,0.125,0.46682385
35.,1.,0.50770931
35.,0.0625,0.53582891
35.,0.0625,0.61747916
-35.,0.25,0.4612916
35.,0.25,0.50877679
35.,0.25,0.60943951
35.,0.25,0.51007162
35.,0.0625,0.48734661
-35.,0.0625,0.46362349
35.,1.,0.46930042
35.,0.125,0.67044648
-35.,0.25,0.57637225
35.,0.0625,0.64652144
35.,0.25,0.53942241
-35.,1.,0.43483826
3.50000000e+01,1.00000000e+00,4.09353615e-01
35.,0.25,0.61269555
-35.,1.,0.42672654
-35.,1.,0.465533
35.,0.,0.58912804
-35.,0.125,0.47187007
35.,1.,0.59602423
35.,0.125,0.40425786
35.,0.125,0.50039208
35.,0.25,0.43566789
35.,0.125,0.56812251
35.,0.25,0.67207555
35.,1.,0.41250728
35.,1.,0.45166524
35.,0.0625,0.4989576
-35.,0.0625,0.42355013
35.,1.,0.60544935
35.,0.125,0.61210981
35.,1.,0.56776011
35.,0.25,0.67642703
35.,0.0625,0.60946356
35.,1.,0.52070505
35.,0.125,0.55945043
-35.,0.125,0.60764423
-35.,1.,0.58975133
-35.,0.125,0.52080552
-35.,1.,0.46564653
-35.,0.0625,0.53763663
-35.,1.,0.45480994
-35.,0.0625,0.5289355
-35.,0.0625,0.60548691
-35.,0.,0.52460163
-35.,1.,0.46426454
-35.,0.0625,0.61854877
-35.,0.25,0.62164861
-35.,1.,0.53599037
-35.,1.,0.61836988
-35.,0.25,0.52268402
-35.,1.,0.57553726
-35.,0.0625,0.67929701
-35.,0.25,0.58159133
-35.,0.,0.57763092
35.,0.0625,0.43355963
-35.,0.0625,0.63167933
-35.,0.25,0.43037569
35.,0.0625,0.68617219
-35.,1.,0.65663499
-35.,0.25,0.40924263
-35.,0.,0.40580823
-35.,1.,0.47443832
35.,1.,0.47496728
-35.,0.125,0.54947521
-35.,1.,0.40735266
-35.,0.25,0.44726509
35.,0.125,0.66864071
-3.50000000e+01,6.25000000e-02,6.16459034e-01
-35.,1.,0.69114779
-35.,0.0625,0.60881121
-35.,0.25,0.46749129
-35.,1.,0.52780237
-35.,0.125,0.54984314
-35.,0.25,0.50257078
-35.,0.0625,0.6696493
35.,1.,0.57868829
35.,0.,0.54187292
35.,0.0625,0.40081776
35.,0.125,0.51788232
35.,1.,0.44728396
35.,0.25,0.41869586
35.,0.125,0.41090484
35.,1.,0.44310352
-35.,1.,0.42200021
35.,0.0625,0.62619868
35.,1.,0.51352326
-35.,0.0625,0.63100925
35.,1.,0.57718103
35.,1.,0.42804158
35.,0.125,0.53089716
35.,0.25,0.5761629
-35.,1.,0.44613895
35.,0.125,0.62782677
35.,1.,0.41624322
-3.50000000e+01,1.25000000e-01,4.87679729e-01
35.,0.0625,0.43294476
35.,1.,0.43551795
35.,0.,0.45242714
35.,0.25,0.44854514
35.,0.125,0.43830142
-35.,0.25,0.55157044
35.,0.25,0.53683896
35.,1.,0.51814781
35.,0.0625,0.44320179
35.,0.125,0.4771452
-35.,0.0625,0.50949942
35.,0.25,0.41099857
35.,1.,0.45754071
35.,0.0625,0.55692797
35.,0.0625,0.54876789
35.,1.,0.54744619
35.,0.125,0.49202562
3.50000000e+01,2.50000000e-01,5.50503890e-01
-35.,0.125,0.55704804
35.,0.25,0.68707092
-35.,0.0625,0.48514531
35.,0.25,0.42165588
35.,1.,0.44686045
35.,1.,0.65826627
35.,0.25,0.47040595
35.,0.0625,0.43235829
35.,0.125,0.52897501
35.,0.25,0.44656975
35.,0.125,0.56426117
-35.,0.,0.51880997
-35.,0.25,0.57151784
-35.,0.25,0.58777029
35.,1.,0.50852552
35.,0.0625,0.59821962
-35.,1.,0.5212821
35.,0.25,0.65176532
-35.,0.25,0.47168278
-35.,0.0625,0.41259234
35.,1.,0.49711291
-35.,0.0625,0.55281856
35.,1.,0.4808589
35.,0.125,0.6330106
35.,1.,0.48033838
35.,1.,0.5901982
35.,1.,0.43452491
35.,0.25,0.51956854
35.,0.0625,0.69990939
35.,0.,0.51306421
35.,0.125,0.43831241
35.,0.0625,0.4010523
35.,0.25,0.5111335
35.,0.,0.4899697
-35.,0.0625,0.69087216
-35.,1.,0.6239484
35.,0.25,0.54577825
-35.,0.125,0.44597798
-35.,0.0625,0.44039683
-35.,0.,0.62609511
-35.,0.25,0.6818059
-35.,0.125,0.42264318
-35.,0.0625,0.45117208
-35.,0.25,0.49863909
35.,0.,0.43568006
-35.,0.0625,0.66090004
-35.,0.125,0.49120277
-35.,1.,0.46223853
-35.,0.0625,0.65644954
-35.,0.125,0.5441869
-35.,1.,0.60474914
-35.,0.,0.44660443
-35.,0.0625,0.43180494
-35.,1.,0.47178077
-35.,0.125,0.41539212
-35.,1.,0.40497498
-35.,0.,0.47738533
-35.,0.0625,0.48791012
-35.,0.,0.42935857
-35.,0.,0.58881348
35.,0.0625,0.47967003
35.,0.25,0.46802726
-35.,0.125,0.42966141
35.,1.,0.49472081
3.50000000e+01,2.50000000e-01,6.56362206e-01
35.,0.25,0.47157611
35.,1.,0.49048067
35.,1.,0.49845793
-35.,1.,0.42287432
35.,1.,0.4378896
35.,1.,0.49668043
35.,0.25,0.66928735
-35.,0.25,0.57733174
35.,0.125,0.49225852
35.,0.125,0.67796154
35.,0.25,0.51395799
-35.,0.125,0.60664044
35.,0.0625,0.40858478
35.,0.,0.58544006
-35.,1.,0.59807346
35.,0.0625,0.69206968
35.,0.0625,0.60299167
35.,1.,0.42561577
35.,1.,0.62841868
35.,1.,0.65818094
-35.,0.125,0.69816981
35.,0.0625,0.64458063
-35.,0.25,0.41285176
35.,0.25,0.6763818
35.,0.0625,0.41838329
35.,0.125,0.50036224
35.,1.,0.56050567
-35.,0.,0.53914687
35.,1.,0.45590717
35.,0.125,0.43443196
35.,1.,0.54761346
35.,0.25,0.62853954
35.,0.0625,0.58043359
-35.,0.0625,0.42808664
-35.,0.0625,0.43875564
-35.,0.,0.65047802
-35.,0.,0.57120645
-35.,1.,0.66264218
-35.,1.,0.52120064
35.,0.125,0.54021763
-35.,0.,0.48084833
35.,0.,0.61811849
-35.,0.0625,0.56422884
-35.,0.25,0.51541432
-35.,0.25,0.42582776
-35.,0.125,0.40783442
-35.,0.0625,0.49680696
-35.,0.125,0.52735402
-35.,0.25,0.60144285
-35.,1.,0.41079865
35.,1.,0.45545918
-35.,0.25,0.52184211
35.,0.,0.54719792
-35.,0.25,0.50012621
35.,0.,0.47689374
-35.,0.,0.59577835
-35.,1.,0.53200978
-35.,1.,0.44543114
-35.,0.125,0.40048967
-35.,0.0625,0.45183265
-35.,0.,0.48715982
-35.,0.25,0.60660211
-35.,0.,0.40478536
-35.,0.25,0.65339285
-35.,0.125,0.68140142
-35.,1.,0.646218
-35.,0.25,0.56974023
-35.,0.,0.50708029
-35.,0.125,0.42363804
35.,1.,0.55114282
-35.,0.25,0.45811718
-35.,0.125,0.63350424
-35.,1.,0.40475404
-35.,0.25,0.50163141
-35.,1.,0.53176947
-35.,1.,0.46768725
-35.,0.125,0.64412119
35.,1.,0.68049333
-35.,0.125,0.5527844
-35.,1.,0.4385005
-35.,0.125,0.41551571
-35.,0.125,0.47974296
-35.,0.0625,0.47003539
-35.,1.,0.40100339
-35.,1.,0.49639417
-35.,0.125,0.55263957
-35.,1.,0.65701879
-35.,0.0625,0.51133924
-35.,0.125,0.53923885
-35.,0.0625,0.63818383
-35.,1.,0.41828314
-35.,0.,0.65082371
-35.,1.,0.65347139
35.,0.0625,0.55879747
-35.,0.125,0.69260472
-35.,0.0625,0.58404701
-35.,0.0625,0.43050704
-35.,0.125,0.69025441
-35.,0.0625,0.65745665
-35.,1.,0.4584986
-35.,0.0625,0.5308721
-35.,0.0625,0.41226023
-35.,0.25,0.50325753
-35.,0.25,0.59981011
35.,1.,0.47680421
-35.,0.125,0.48715291
-35.,0.,0.53894424
-35.,1.,0.4461034
-35.,0.,0.63075607
-35.,0.0625,0.65010084
-35.,1.,0.52147442
-35.,0.,0.49040061
-35.,0.,0.42865839
-35.,0.0625,0.51598716
-35.,0.125,0.59839458
-3.50000000e+01,2.50000000e-01,5.06115981e-01
-35.,1.,0.60546415
-35.,0.0625,0.66606049
-35.,0.25,0.41310492
-35.,0.,0.44773445
35.,1.,0.4640816
35.,0.25,0.43043672
35.,0.125,0.61079249
35.,0.25,0.52060485
35.,0.125,0.41746296
-35.,1.,0.54370918
-35.,0.0625,0.4086097
35.,1.,0.51499068
-35.,0.,0.68094383
35.,0.0625,0.57176484
35.,0.125,0.62892913
-35.,0.125,0.42530719
35.,0.125,0.47696233
35.,0.,0.54259508
35.,0.0625,0.52281181
-35.,0.,0.4040687
35.,0.25,0.44879485
35.,0.25,0.53931525
-35.,0.125,0.52738363
35.,0.25,0.48275352
35.,0.125,0.65441644
-35.,0.25,0.40966765
35.,1.,0.64944816
35.,1.,0.52413253
-35.,0.125,0.45257084
-35.,0.125,0.47316861
-35.,1.,0.52396527
-35.,0.0625,0.59658378
-35.,0.125,0.48100671
-35.,0.0625,0.40920352
-35.,1.,0.47317782
-35.,0.25,0.58549404
-35.,0.0625,0.60300156
-35.,0.,0.64412268
35.,0.25,0.61081803
-35.,0.0625,0.46139242
35.,0.,0.59903313
-35.,0.0625,0.40225951
35.,0.25,0.53363131
-35.,0.125,0.52713465
35.,0.125,0.49107274
35.,0.25,0.46075908
-35.,0.125,0.66868636
-35.,0.125,0.44673777
-3.50000000e+01,0.00000000e+00,4.30978105e-01
-35.,0.0625,0.49406026
35.,0.125,0.6193084
-35.,0.0625,0.46274015
-35.,0.25,0.58861795
35.,0.25,0.51364671
-35.,0.25,0.54755817
35.,0.125,0.40906227
35.,0.25,0.60707375
-35.,1.,0.52859252
35.,0.125,0.44902604
-35.,0.0625,0.56424957
35.,0.25,0.58176463
-35.,0.0625,0.52880117
-35.,0.125,0.46704715
35.,1.,0.63210968
-35.,0.25,0.55432783
-35.,0.125,0.42881781
-35.,0.0625,0.42763087
-35.,1.,0.57062599
-35.,0.,0.43779531
-35.,0.0625,0.44450072
-35.,0.125,0.49246131
-35.,0.125,0.42636309
35.,0.125,0.49845622
-35.,0.,0.54385805
-35.,0.0625,0.58623294
-35.,1.,0.56826592
-35.,0.25,0.58532763
-35.,1.,0.64289804
35.,0.,0.43076028
-35.,0.0625,0.44195764
-35.,1.,0.54023566
-35.,0.25,0.54717806
-35.,1.,0.48602905
-35.,0.,0.49586437
-35.,0.25,0.42009645
-35.,0.,0.49219051
-35.,0.125,0.49125233
35.,0.0625,0.60151974
-35.,0.125,0.67580135
-35.,0.125,0.48905135
-35.,0.25,0.55301979
-35.,0.,0.47124132
-35.,1.,0.59236336
35.,0.,0.42567061
35.,0.0625,0.69359075
-35.,0.25,0.40540336
35.,0.25,0.44326671
35.,0.125,0.51084236
35.,0.125,0.48552404
35.,0.125,0.52655363
35.,1.,0.40156465
35.,0.0625,0.45414782
35.,0.25,0.63451569
35.,1.,0.53828063
35.,0.,0.64759911
35.,0.125,0.45581388
35.,0.125,0.44472514
35.,0.125,0.52778973
35.,0.25,0.53167563
35.,0.125,0.6387297
35.,0.,0.59386391
35.,0.125,0.65474958
35.,0.0625,0.48142031
35.,1.,0.414002
-35.,0.125,0.4528362
35.,1.,0.57420158
35.,0.0625,0.57710324
35.,1.,0.52011145
35.,0.,0.51599772
-35.,0.125,0.48543823
-35.,0.125,0.50270723
-35.,0.0625,0.41515712
-35.,0.125,0.57467341
-35.,0.,0.47769053
-35.,0.,0.43116015
-35.,0.125,0.5728581
-35.,0.0625,0.49098717
-35.,0.125,0.50356729
-35.,0.25,0.46598448
35.,0.,0.58664327
35.,0.,0.64751452
-35.,1.,0.42321785
-35.,0.0625,0.4815551
-35.,1.,0.59855049
-35.,0.125,0.61958092
-35.,0.125,0.57660318
-35.,0.0625,0.64190792
-35.,0.,0.40680089
-35.,0.0625,0.59473893
-35.,0.0625,0.44342998
-35.,0.25,0.44395729
35.,0.0625,0.41091687
-35.,0.0625,0.61122385
-35.,0.125,0.65463979
-35.,1.,0.60934709
-35.,0.,0.45435238
-35.,0.25,0.50911849
-35.,0.125,0.46517906
35.,0.0625,0.55921778
-35.,1.,0.54773557
-35.,1.,0.46084598
35.,0.25,0.42080949
-35.,0.25,0.64441681
-35.,0.125,0.40626316
-35.,0.25,0.56934695
-35.,0.25,0.51126145
-35.,0.125,0.58497625
-35.,0.125,0.66069781
35.,0.0625,0.59873287
35.,1.,0.6694736
-35.,0.25,0.5915058
35.,0.25,0.67610722
35.,0.,0.42627679
35.,0.0625,0.58554536
35.,0.125,0.50358434
-35.,1.,0.60903424
35.,0.0625,0.63882422
35.,0.0625,0.49157464
35.,0.125,0.43845512
35.,0.125,0.41764913
35.,0.125,0.51501818
35.,0.25,0.43297172
35.,0.,0.57651851
35.,1.,0.52231338
-35.,0.25,0.5831535
35.,0.25,0.41526286
35.,1.,0.60259772
-35.,0.,0.50998461
35.,0.125,0.50670583
35.,0.0625,0.61699824
35.,0.125,0.49251406
35.,0.0625,0.49990571
35.,0.25,0.58081558
35.,0.25,0.57589259
35.,1.,0.45728434
35.,0.0625,0.50172348
35.,0.,0.53217757
-35.,0.125,0.57772516
-35.,0.25,0.53073841
-35.,0.0625,0.44319927
-35.,1.,0.51343769
-35.,1.,0.53547083
35.,1.,0.61985783
-35.,0.0625,0.40751337
-35.,0.125,0.47546536
-35.,1.,0.66905052
-35.,0.125,0.57866414
-35.,0.125,0.68440875
-35.,0.25,0.6146081
35.,0.25,0.54353503
-35.,0.25,0.48434899
35.,1.,0.50182275
-35.,1.,0.57628342
35.,0.25,0.57960278
-35.,0.,0.48650288
35.,0.0625,0.44036608
-35.,0.25,0.67791105
-35.,1.,0.40189119
35.,0.0625,0.65721195
-35.,0.25,0.56696946
35.,0.125,0.64740723
-35.,0.25,0.56987456
-35.,0.125,0.64193541
-35.,0.125,0.67312126
35.,1.,0.5922782
-35.,0.,0.43513
-35.,1.,0.50892043
-35.,1.,0.42500082
-35.,0.25,0.52630693
-35.,0.25,0.50448371
35.,1.,0.68582082
-35.,1.,0.55385888
35.,0.0625,0.49405697
35.,0.125,0.48287298
35.,1.,0.48652056
-35.,1.,0.47416927
35.,0.125,0.61261824
35.,0.25,0.48526875
35.,0.125,0.51968075
35.,1.,0.45937788
35.,0.125,0.58849854
35.,0.125,0.62606818
35.,0.,0.59507295
35.,0.125,0.52311867
-35.,0.25,0.6491438
-35.,0.0625,0.55941135
35.,1.,0.59113497
35.,0.25,0.44088045
35.,0.0625,0.63492432
35.,1.,0.58383384
-35.,0.125,0.42155574
35.,0.125,0.48624034
35.,0.25,0.53085906
-35.,0.25,0.50660135
35.,0.125,0.51082676
35.,0.,0.42941551
35.,0.,0.53547488
35.,1.,0.53376048
35.,1.,0.68712616
35.,0.25,0.68511053
35.,0.,0.53223612
35.,1.,0.68324046
35.,1.,0.55701094
35.,0.0625,0.55922544
35.,0.25,0.67655261
35.,0.25,0.63918761
35.,1.,0.59280711
35.,0.,0.57359493
35.,0.25,0.66276758
35.,0.25,0.56700249
35.,1.,0.46697416
35.,0.125,0.63819806
35.,0.,0.50022868
-35.,0.25,0.62034754
35.,0.0625,0.53029292
35.,0.25,0.56460548
35.,0.125,0.5939771
35.,1.,0.42570997
35.,0.125,0.4402394
35.,0.,0.60046924
35.,1.,0.60581374
35.,0.125,0.65693763
35.,0.,0.59703677
35.,1.,0.59105295
35.,0.,0.65177704
35.,1.,0.42864657
35.,0.125,0.63652412
35.,0.0625,0.5336678
35.,0.125,0.61606878
35.,0.0625,0.64094745
35.,0.0625,0.69373943
-35.,0.25,0.50551509
-35.,0.125,0.66265659
35.,0.0625,0.64356512
-35.,0.25,0.68761076
35.,0.,0.5053611
35.,0.25,0.41687694
35.,1.,0.55546909
-35.,0.25,0.63514519
35.,0.125,0.48901562
-35.,1.,0.49848351
-35.,0.0625,0.50871329
-35.,0.25,0.41025715
-35.,0.125,0.46600177
-35.,1.,0.46547403
-35.,0.125,0.55925682
35.,1.,0.55864789
-35.,0.125,0.48478366
35.,1.,0.48353242
-35.,1.,0.69341985
-35.,0.125,0.62388671
-35.,1.,0.56832741
-35.,0.125,0.4879117
-35.,0.25,0.46005485
-35.,0.125,0.49137732
-35.,0.125,0.42150877
-35.,0.125,0.44661797
-35.,0.25,0.53597561
-35.,0.25,0.41718783
-35.,0.25,0.5691647
-35.,1.,0.43644296
35.,0.0625,0.49270382
-35.,0.25,0.48839979
35.,0.125,0.60775466
35.,0.25,0.50250942
-35.,1.,0.42990356
35.,1.,0.44212701
35.,1.,0.59647499
-35.,0.25,0.47878017
-35.,1.,0.61996261
-35.,0.125,0.45348332
-35.,0.,0.52675219
-35.,1.,0.58022224
-35.,1.,0.55394626
35.,0.,0.66554645
-35.,1.,0.47870407
-35.,1.,0.43023441
-35.,0.25,0.46776732
-35.,1.,0.49602932
-35.,0.125,0.44928436
-35.,0.0625,0.60494899
-35.,1.,0.54350838
-35.,0.0625,0.46287596
-35.,1.,0.51164518
-35.,1.,0.61706492
35.,0.0625,0.47458998
35.,0.125,0.4189078
35.,0.25,0.58394371
-35.,0.25,0.63424209
35.,0.125,0.6301663
3.50000000e+01,1.00000000e+00,4.79608533e-01
35.,0.125,0.56829915
35.,1.,0.40564012
35.,0.25,0.49031489
35.,0.125,0.40699783
35.,0.0625,0.62729654
35.,1.,0.53700314
35.,0.,0.4738985
35.,1.,0.57810406
35.,1.,0.45156556
35.,1.,0.41610962
35.,0.25,0.5369311
-35.,0.0625,0.61023424
35.,0.125,0.56085713
35.,1.,0.45424727
35.,0.25,0.67255889
35.,0.25,0.45196873
35.,0.25,0.68019212
35.,0.125,0.65553566
-35.,0.125,0.41242215
35.,0.25,0.52307931
35.,0.125,0.46347994
35.,0.125,0.49892634
-35.,0.25,0.41509146
35.,0.125,0.49447915
35.,0.0625,0.43428613
35.,0.0625,0.46970547
35.,0.,0.56373546
-35.,0.25,0.48574014
35.,0.,0.43103147
-35.,0.,0.43290581
-35.,0.,0.68865464
35.,0.125,0.52319348
35.,0.0625,0.47980632
35.,0.125,0.44143537
-35.,0.25,0.52655903
35.,0.25,0.62318618
-35.,0.125,0.65916116
35.,0.,0.69130592
35.,0.0625,0.41495816
35.,0.25,0.60985337
35.,0.125,0.49113188
35.,1.,0.44834672
35.,0.125,0.54815266
35.,0.0625,0.43088283
-35.,0.25,0.51441215
35.,0.25,0.40165204
35.,0.125,0.61708002
-35.,1.,0.42692039
35.,0.125,0.50484188
-35.,0.0625,0.46230474
35.,0.0625,0.50896307
35.,1.,0.49221896
-35.,0.25,0.41273066
35.,0.25,0.47428822
35.,0.,0.43060837
35.,0.0625,0.42527562
35.,0.,0.46417789
35.,0.125,0.5298634
-35.,0.,0.58615449
35.,0.0625,0.65357628
35.,0.0625,0.51714347
35.,0.125,0.6214538
35.,1.,0.50325096
35.,0.125,0.63195202
35.,1.,0.55147869
3.50000000e+01,1.00000000e+00,6.57887036e-01
35.,0.0625,0.62438757
35.,0.25,0.45012646
-35.,0.125,0.42668249
-35.,0.125,0.59649699
-35.,0.25,0.6718388
-35.,0.0625,0.4270278
-35.,0.0625,0.48147464
-35.,0.0625,0.42887041
35.,0.25,0.46633411
-35.,0.125,0.51145877
35.,0.125,0.66507026
-35.,0.25,0.4946687
-35.,1.,0.58737849
-35.,0.25,0.66496822
-35.,0.125,0.44559315
-35.,1.,0.40494533
-35.,1.,0.45230047
-35.,0.125,0.62722111
-35.,0.25,0.53396796
-35.,1.,0.56569056
-35.,0.25,0.40816007
-35.,1.,0.43951747
-35.,0.,0.64160522
-35.,0.25,0.68979342
-35.,1.,0.43091204
35.,0.125,0.43610895
-35.,0.0625,0.61289274
35.,0.25,0.4994272
-35.,0.0625,0.47819368
-35.,0.125,0.49683032
-35.,0.125,0.45485117
35.,0.25,0.68726036
-35.,0.,0.42568875
-35.,1.,0.535463
-35.,1.,0.44465341
35.,0.25,0.49711108
35.,0.25,0.45407934
35.,0.,0.52727008
-35.,1.,0.5470603
-35.,1.,0.40562462
35.,1.,0.46429922
-35.,0.0625,0.53967596
35.,1.,0.51248628
-35.,0.,0.58803838
-35.,1.,0.57797751
-35.,0.125,0.42484568
-35.,0.125,0.43486709
-35.,0.0625,0.42467936
-35.,0.0625,0.50921738
-35.,0.0625,0.6458476
-35.,0.125,0.445829
35.,0.,0.40720109
-35.,1.,0.60535333
-35.,0.125,0.44255559
-35.,0.125,0.48876973
35.,0.25,0.46963936
-35.,0.25,0.5958402
-35.,0.0625,0.43414289
-35.,0.25,0.67782194
-35.,1.,0.60733091
-35.,0.125,0.52212657
-35.,1.,0.50735738
-35.,0.0625,0.51270249
-35.,0.125,0.50994547
-35.,1.,0.47104615
35.,0.125,0.60210036
35.,1.,0.51353014
-35.,0.25,0.44695928
35.,0.0625,0.42763153
-35.,0.25,0.60422542
-35.,0.25,0.46045777
35.,0.25,0.68110706
-35.,0.25,0.53532777
35.,0.,0.4169568
35.,1.,0.49948227
35.,0.,0.4831049
35.,0.25,0.41253762
35.,0.0625,0.45446034
35.,0.0625,0.43494518
35.,0.25,0.63060033
35.,0.125,0.52763696
35.,0.25,0.46994542
35.,0.125,0.48107772
35.,0.,0.59562361
35.,0.0625,0.56873465
-35.,0.0625,0.42567217
35.,0.25,0.47453511
35.,0.,0.6119811
35.,0.25,0.41267556
35.,1.,0.67161576
-35.,0.0625,0.51960345
35.,0.0625,0.57830244
35.,0.25,0.48827892
35.,0.0625,0.56807125
35.,1.,0.6894545
35.,0.25,0.58894493
-35.,0.125,0.5267371
35.,1.,0.40472318
35.,0.125,0.51942665
35.,0.125,0.44609809
-35.,0.0625,0.52724444
35.,0.125,0.40643841
35.,1.,0.62946556
35.,1.,0.44614297
-35.,1.,0.52617805
35.,0.25,0.42776926
35.,0.25,0.42376745
-35.,0.0625,0.50442926
35.,0.0625,0.43498609
35.,0.0625,0.57866541
35.,0.125,0.69105903
