og_eccentricity,og_contrast,og_q,eccentricity,baseContrast,contrastDelta,q,trials.thisRepN,trials.thisTrialN,trials.thisN,trials.thisIndex,trials_2.thisRepN,trials_2.thisTrialN,trials_2.thisN,trials_2.thisIndex,thisRow.t,notes,win_size,block_breaks,instructions.started,instruction_txt.started,continue_txt_2.started,instructions.stopped,mouse_2.x,mouse_2.y,mouse_2.leftButton,mouse_2.midButton,mouse_2.rightButton,mouse_2.time,mouse_2.clicked_name,fix.started,signed_contrast,leftCont,rightCont,fixation_2.started,fixation_2.stopped,fix.stopped,trial.started,fixation.started,grating_l.started,grating_r.started,dot.started,mouse.started,sound_trial_start.started,sound_trial_start.stopped,reaction_time,response_time,trial.stopped,correct,timeout,dot_trajectory,mouse.x,mouse.y,mouse.leftButton,mouse.midButton,mouse.rightButton,mouse.time,feedback.started,feedback_sound.started,fixation_obj_2.started,feedback_sound.stopped,fixation_obj_2.stopped,feedback.stopped,block_break.started,prova_time,break_text.started,countdown.started,break_text.stopped,countdown.stopped,block_break.stopped,participant,date,expName,psychopyVersion,frameRate,expStart,
,,,,,,,,,,,,,,,,,[2880 1800],y,0.04698870796710253,0.05979441700037569,0.05979441700037569,0.7003524999599904,[-2.6276358989048765],[4.5740328610566365],[1],[0],[0],[0.6529167919652537],[],,,,,,,,,,,,,,,,,,,,,,,,,,,,,,,,,,,,,,,,,274053,2024-04-15_15h03.02.279,pedestal_cursor_ibl,2023.2.3,None,2024-04-15 15h03.11.487997 +0200,
-35,1,0.61010396,-15,0.5,0.2,0.61010396,0,0,0,0,,,,,0.8096584579907358,,,,,,,,,,,,,,,0.7929518750170246,-0.19999999999999996,0.7,0.5,0.8096584579907358,1.4316159170120955,1.409725832985714,1.4097501250216737,1.4316159170120955,1.4316159170120955,1.4316159170120955,1.4316159170120955,0.009861125028692186,1.4257224166688198,1.5263628750108182,459,622,2.032883249921724,1,0,"[-15.000000000000002, -15.000000000000002, -15.000000000000002, -15.000000000000002, -15.000000000000002, -15.000000000000002, -15.000000000000002, -15.000000000000002, -15.000000000000002, -15.000000000000002, -15.000000000000002, -15.000000000000002, -15.000000000000002, -15.000000000000002, -15.000000000000002, -15.000000000000002, -15.000000000000002, -15.000000000000002, -15.000000000000002, -15.000000000000002, -15.000000000000002, -15.000000000000002, -15.000000000000002, -15.000000000000002, -15.000000000000002, -15.000000000000002, -15.000000000000002, -15.000000000000002, -15.000000000000002, -15.000000000000002, -15.000000000000002, -15.000000000000002, -15.000000000000002, -15.000000000000002, -15.000000000000002, -15.000000000000002, -15.000000000000002, -15.000000000000002, -15.000000000000002, -15.000000000000002, -15.000000000000002, -15.000000000000002, -15.000000000000002, -15.000000000000002, -15.000000000000002, -15.000000000000002, -15.000000000000002, -15.000000000000002, -15.000000000000002, -15.000000000000002, -15.000000000000002, -15.000000000000002, -15.000000000000002, -14.805360303784823, -14.805360303784823, -14.562060683515856, -14.221441215139297, -13.832161822708944, -13.394222506224798, -12.421024025148917, -11.350505695965449, -10.085347670566803, -8.868849569221954, -7.6523514678771045, -7.117092303285372, -5.073375493026022, -5.073375493026022, -3.175638454928056, -3.175638454928056, -1.5212010370990594, -0.8886220243997354, -0.8886220243997354, -0.2560430117004167, 0.6684955453216705]","[0.0, 0.0, 0.0, 0.0, 0.0, 0.0, 0.0, 0.0, 0.0, 0.0, 0.0, 0.0, 0.0, 0.0, 0.0, 0.0, 0.0, 0.0, 0.0, 0.0, 0.0, 0.0, 0.0, 0.0, 0.0, 0.0, 0.0, 0.0, 0.0, 0.0, 0.0, 0.0, 0.0, 0.0, 0.0, 0.0, 0.0, 0.0, 0.0, 0.0, 0.0, 0.0, 0.0, 0.0, 0.0, 0.0, 0.0, 0.0, 0.0, 0.0, 0.0, 0.0, 0.0, 0.19463969621517604, 0.19463969621517604, 0.4379393164841461, 0.7785587848607042, 1.1678381772910562, 1.6057774937752023, 2.5789759748510828, 3.6494943040345507, 4.914652329433195, 6.131150430778045, 7.3476485321228955, 7.882907696714629, 9.926624506973978, 9.926624506973978, 11.824361545071945, 11.824361545071945, 13.47879896290094, 14.111377975600265, 14.111377975600265, 14.743956988299583, 15.66849554532167]","[0.0, 0.0, 0.0, 0.0, 0.0, 0.0, 0.0, 0.0, 0.0, 0.0, 0.0, 0.0, 0.0, 0.0, 0.0, 0.0, 0.0, 0.0, 0.0, 0.0, 0.0, 0.0, 0.0, 0.0, 0.0, 0.0, 0.0, 0.0, 0.0, 0.0, 0.0, 0.0, 0.0, 0.0, 0.0, 0.0, 0.0, 0.0, 0.0, 0.0, 0.0, 0.0, 0.0, 0.0, 0.0, 0.0, 0.0, 0.0, 0.0, 0.0, 0.0, 0.0, 0.0, 0.0, 0.0, 0.0, 0.0, -0.04865992405379401, -0.09731984810758802, -0.19463969621517604, -0.24329962026897006, -0.3406194683765581, -0.3406194683765581, -0.4379393164841461, -0.4379393164841461, -0.4379393164841461, -0.4379393164841461, -0.4379393164841461, -0.4379393164841461, -0.4379393164841461, -0.4379393164841461, -0.4379393164841461, -0.4379393164841461, -0.4379393164841461]","[0, 0, 0, 0, 0, 0, 0, 0, 0, 0, 0, 0, 0, 0, 0, 0, 0, 0, 0, 0, 0, 0, 0, 0, 0, 0, 0, 0, 0, 0, 0, 0, 0, 0, 0, 0, 0, 0, 0, 0, 0, 0, 0, 0, 0, 0, 0, 0, 0, 0, 0, 0, 0, 0, 0, 0, 0, 0, 0, 0, 0, 0, 0, 0, 0, 0, 0, 0, 0, 0, 0, 0, 0, 0]","[0, 0, 0, 0, 0, 0, 0, 0, 0, 0, 0, 0, 0, 0, 0, 0, 0, 0, 0, 0, 0, 0, 0, 0, 0, 0, 0, 0, 0, 0, 0, 0, 0, 0, 0, 0, 0, 0, 0, 0, 0, 0, 0, 0, 0, 0, 0, 0, 0, 0, 0, 0, 0, 0, 0, 0, 0, 0, 0, 0, 0, 0, 0, 0, 0, 0, 0, 0, 0, 0, 0, 0, 0, 0]","[0, 0, 0, 0, 0, 0, 0, 0, 0, 0, 0, 0, 0, 0, 0, 0, 0, 0, 0, 0, 0, 0, 0, 0, 0, 0, 0, 0, 0, 0, 0, 0, 0, 0, 0, 0, 0, 0, 0, 0, 0, 0, 0, 0, 0, 0, 0, 0, 0, 0, 0, 0, 0, 0, 0, 0, 0, 0, 0, 0, 0, 0, 0, 0, 0, 0, 0, 0, 0, 0, 0, 0, 0, 0]","[0.00026916596107184887, 0.011512457975186408, 0.02147000003606081, 0.02813291596248746, 0.03776870795991272, 0.044402958010323346, 0.05489866598509252, 0.061772875022143126, 0.07127874996513128, 0.07789095805492252, 0.08743333304300904, 0.09423429099842906, 0.10598274995572865, 0.11243029101751745, 0.12099679105449468, 0.1277040409622714, 0.13808287505526096, 0.1446522909682244, 0.15438475005794317, 0.16097304096911103, 0.1715608750237152, 0.17818783305119723, 0.18805133306887, 0.19467783300206065, 0.2047907500527799, 0.21134308306500316, 0.22298954101279378, 0.22985391598194838, 0.23740924999583513, 0.24393795803189278, 0.254694166011177, 0.26136554102413356, 0.2729616250144318, 0.28038091596681625, 0.2876872500637546, 0.2942662499845028, 0.3042781660333276, 0.3111043330281973, 0.3213877499802038, 0.3283560409909114, 0.3397105409530923, 0.34741445805411786, 0.3539763749577105, 0.3604888749541715, 0.37318683299236, 0.38057370798196644, 0.38727900001686066, 0.39372633304446936, 0.4068268750561401, 0.4141619160072878, 0.42069649999029934, 0.42718791600782424, 0.44116291601676494, 0.44856895797420293, 0.4555373750627041, 0.4625190830556676, 0.47095320804510266, 0.4780723750591278, 0.4881374159594998, 0.4952374160056934, 0.5042964160675183, 0.5112584580201656, 0.5214592500124127, 0.5284430000465363, 0.5383123749634251, 0.5453221660573035, 0.5548325000563636, 0.5615080000134185, 0.5734080830588937, 0.5801081249956042, 0.5869963329751045, 0.5935250830370933, 0.6051420000148937, 0.6115025000181049]",2.0343351250048727,2.0485407086710135,2.048952291952446,2.2549112919950858,3.0446547919418663,3.0324412499321625,,,,,,,,274053,2024-04-15_15h03.02.279,pedestal_cursor_ibl,2023.2.3,None,2024-04-15 15h03.11.487997 +0200,
-35,0.125,0.60337632,-15,0.5,0.05,0.60337632,0,1,1,1,,,,,3.0446547919418663,,,,,,,,,,,,,,,3.0327137919375673,-0.050000000000000044,0.55,0.5,3.0446547919418663,3.6487956669880077,3.6323716669576243,3.632402207935229,3.6487956669880077,3.6487956669880077,3.6487956669880077,3.6487956669880077,0.007639665971510112,3.6486402085904652,3.7429527919739485,292,383,4.016053208033554,1,0,"[-15.000000000000002, -15.000000000000002, -15.000000000000002, -15.000000000000002, -15.000000000000002, -15.000000000000002, -15.000000000000002, -15.000000000000002, -15.000000000000002, -15.000000000000002, -15.000000000000002, -15.000000000000002, -15.000000000000002, -15.000000000000002, -15.000000000000002, -15.000000000000002, -15.000000000000002, -15.000000000000002, -15.000000000000002, -15.000000000000002, -15.000000000000002, -15.000000000000002, -15.000000000000002, -15.000000000000002, -15.000000000000002, -15.000000000000002, -15.000000000000002, -15.000000000000002, -15.000000000000002, -15.000000000000002, -15.000000000000002, -15.000000000000002, -15.000000000000002, -15.000000000000002, -14.951340075946208, -14.61072060756965, -14.172781291085501, -13.783501898655151, -13.150922885955827, -12.08040455677236, -10.815246531373713, -7.749671315984692, -7.749671315984692, -4.343476632219112, -4.343476632219112, 1.3497344820747865]","[0.0, 0.0, 0.0, 0.0, 0.0, 0.0, 0.0, 0.0, 0.0, 0.0, 0.0, 0.0, 0.0, 0.0, 0.0, 0.0, 0.0, 0.0, 0.0, 0.0, 0.0, 0.0, 0.0, 0.0, 0.0, 0.0, 0.0, 0.0, 0.0, 0.0, 0.0, 0.0, 0.0, 0.0, 0.04865992405379401, 0.3892793924303521, 0.8272187089144982, 1.2164981013448501, 1.8490771140441726, 2.9195954432276405, 4.184753468626285, 7.250328684015308, 7.250328684015308, 10.656523367780888, 10.656523367780888, 16.349734482074787]","[0.0, 0.0, 0.0, 0.0, 0.0, 0.0, 0.0, 0.0, 0.0, 0.0, 0.0, 0.0, 0.0, 0.0, 0.0, 0.0, 0.0, 0.0, 0.0, 0.0, 0.0, 0.0, 0.0, 0.0, 0.0, 0.0, 0.0, 0.0, 0.0, 0.0, 0.0, 0.0, 0.0, 0.0, 0.0, 0.0, 0.0, -0.04865992405379401, -0.14597977216138203, -0.19463969621517604, -0.29195954432276405, -0.4379393164841461, -0.4379393164841461, -0.7298988608069101, -0.7298988608069101, -1.3138179494524382]","[0, 0, 0, 0, 0, 0, 0, 0, 0, 0, 0, 0, 0, 0, 0, 0, 0, 0, 0, 0, 0, 0, 0, 0, 0, 0, 0, 0, 0, 0, 0, 0, 0, 0, 0, 0, 0, 0, 0, 0, 0, 0, 0, 0, 0, 0]","[0, 0, 0, 0, 0, 0, 0, 0, 0, 0, 0, 0, 0, 0, 0, 0, 0, 0, 0, 0, 0, 0, 0, 0, 0, 0, 0, 0, 0, 0, 0, 0, 0, 0, 0, 0, 0, 0, 0, 0, 0, 0, 0, 0, 0, 0]","[0, 0, 0, 0, 0, 0, 0, 0, 0, 0, 0, 0, 0, 0, 0, 0, 0, 0, 0, 0, 0, 0, 0, 0, 0, 0, 0, 0, 0, 0, 0, 0, 0, 0, 0, 0, 0, 0, 0, 0, 0, 0, 0, 0, 0, 0]","[0.0003147920360788703, 0.009010041947476566, 0.018182291998527944, 0.025052458979189396, 0.03507416695356369, 0.04197250003926456, 0.0516882500378415, 0.05844216700643301, 0.06793354195542634, 0.07484124996699393, 0.08499958401080221, 0.09175662498455495, 0.10293516702950001, 0.10938116698525846, 0.11813812493346632, 0.12492016702890396, 0.13545737497042865, 0.14249433402437717, 0.1534869170282036, 0.16092874994501472, 0.1674504999537021, 0.17567366699222475, 0.1858417090261355, 0.19287704199086875, 0.20118462503887713, 0.20804850000422448, 0.21797354193404317, 0.22468891693279147, 0.23531745898071676, 0.24214108393061906, 0.2534479999449104, 0.2611280420096591, 0.26765954203438014, 0.27460458397399634, 0.28491329203825444, 0.2922037090174854, 0.3013316249707714, 0.30854679201729596, 0.31848133401945233, 0.3256770420121029, 0.33513216697610915, 0.3422380000120029, 0.3515947919804603, 0.3584929589414969, 0.36828016699291766, 0.3750045419437811]",4.016908625024371,4.031628083616185,4.027064958005212,4.23834254196845,5.028053374961019,5.0159649580018595,,,,,,,,274053,2024-04-15_15h03.02.279,pedestal_cursor_ibl,2023.2.3,None,2024-04-15 15h03.11.487997 +0200,
-35,1,0.61869807,-15,0.5,0.2,0.61869807,0,2,2,2,,,,,5.028053374961019,,,,,,,,,,,,,,,5.016223166952841,-0.19999999999999996,0.7,0.5,5.028053374961019,5.649361624964513,5.632724707946181,5.632739832974039,5.649361624964513,5.649361624964513,5.649361624964513,5.649361624964513,0.007702292059548199,5.648984541596534,5.744455166975968,433,526,6.159646124928258,1,0,"[-15.000000000000002, -15.000000000000002, -15.000000000000002, -15.000000000000002, -15.000000000000002, -15.000000000000002, -15.000000000000002, -15.000000000000002, -15.000000000000002, -15.000000000000002, -15.000000000000002, -15.000000000000002, -15.000000000000002, -15.000000000000002, -15.000000000000002, -15.000000000000002, -15.000000000000002, -15.000000000000002, -15.000000000000002, -15.000000000000002, -15.000000000000002, -15.000000000000002, -15.000000000000002, -15.000000000000002, -15.000000000000002, -15.000000000000002, -15.000000000000002, -15.000000000000002, -15.000000000000002, -15.000000000000002, -15.000000000000002, -15.000000000000002, -15.000000000000002, -15.000000000000002, -15.000000000000002, -15.000000000000002, -15.000000000000002, -15.000000000000002, -15.000000000000002, -15.000000000000002, -15.000000000000002, -15.000000000000002, -15.000000000000002, -15.000000000000002, -15.000000000000002, -15.000000000000002, -15.000000000000002, -15.000000000000002, -15.000000000000002, -15.000000000000002, -13.686182050547561, -12.956283189740654, -12.323704177041328, -12.323704177041328, -10.815246531373713, -9.939367898405424, -9.939367898405424, -6.387193442478462, -4.489456404380496, -2.8350189865514963, -1.131921644668708, 0.5711756972140842]","[0.0, 0.0, 0.0, 0.0, 0.0, 0.0, 0.0, 0.0, 0.0, 0.0, 0.0, 0.0, 0.0, 0.0, 0.0, 0.0, 0.0, 0.0, 0.0, 0.0, 0.0, 0.0, 0.0, 0.0, 0.0, 0.0, 0.0, 0.0, 0.0, 0.0, 0.0, 0.0, 0.0, 0.0, 0.0, 0.0, 0.0, 0.0, 0.0, 0.0, 0.0, 0.0, 0.0, 0.0, 0.0, 0.0, 0.0, 0.0, 0.0, 0.0, 1.3138179494524382, 2.0437168102593484, 2.6762958229586706, 2.6762958229586706, 4.184753468626285, 5.060632101594576, 5.060632101594576, 8.61280655752154, 10.510543595619506, 12.164981013448504, 13.868078355331292, 15.571175697214084]","[0.0, 0.0, 0.0, 0.0, 0.0, 0.0, 0.0, 0.0, 0.0, 0.0, 0.0, 0.0, 0.0, 0.0, 0.0, 0.0, 0.0, 0.0, 0.0, 0.0, 0.0, 0.0, 0.0, 0.0, 0.0, 0.0, 0.0, 0.0, 0.0, 0.0, 0.0, 0.0, 0.0, 0.0, 0.0, 0.0, 0.0, 0.0, 0.0, 0.0, 0.0, 0.0, 0.0, 0.0, 0.0, 0.0, 0.0, 0.0, 0.0, 0.0, 0.0, -0.14597977216138203, -0.24329962026897006, -0.24329962026897006, -0.4379393164841461, -0.4865992405379401, -0.4865992405379401, -0.6812389367531162, -0.7785587848607042, -0.7785587848607042, -0.8758786329682922, -0.8758786329682922]","[0, 0, 0, 0, 0, 0, 0, 0, 0, 0, 0, 0, 0, 0, 0, 0, 0, 0, 0, 0, 0, 0, 0, 0, 0, 0, 0, 0, 0, 0, 0, 0, 0, 0, 0, 0, 0, 0, 0, 0, 0, 0, 0, 0, 0, 0, 0, 0, 0, 0, 0, 0, 0, 0, 0, 0, 0, 0, 0, 0, 0, 0]","[0, 0, 0, 0, 0, 0, 0, 0, 0, 0, 0, 0, 0, 0, 0, 0, 0, 0, 0, 0, 0, 0, 0, 0, 0, 0, 0, 0, 0, 0, 0, 0, 0, 0, 0, 0, 0, 0, 0, 0, 0, 0, 0, 0, 0, 0, 0, 0, 0, 0, 0, 0, 0, 0, 0, 0, 0, 0, 0, 0, 0, 0]","[0, 0, 0, 0, 0, 0, 0, 0, 0, 0, 0, 0, 0, 0, 0, 0, 0, 0, 0, 0, 0, 0, 0, 0, 0, 0, 0, 0, 0, 0, 0, 0, 0, 0, 0, 0, 0, 0, 0, 0, 0, 0, 0, 0, 0, 0, 0, 0, 0, 0, 0, 0, 0, 0, 0, 0, 0, 0, 0, 0, 0, 0]","[0.00029741600155830383, 0.009332415997050703, 0.01775687502231449, 0.02561237500049174, 0.034813832957297564, 0.04235050000716001, 0.05097437498625368, 0.05850174999795854, 0.06812208297196776, 0.07560741598717868, 0.08491716592106968, 0.09209320798981935, 0.10407654091250151, 0.1180992079898715, 0.12479066592641175, 0.1346217499813065, 0.14165337500162423, 0.15126170800067484, 0.15797524992376566, 0.16815995797514915, 0.17638779093977064, 0.18400854093488306, 0.1905795409111306, 0.20169037498999387, 0.20989083300810307, 0.21758033300284296, 0.2240641659591347, 0.2340252079302445, 0.24186166597064584, 0.25067720795050263, 0.2574429999804124, 0.2686143749160692, 0.2766044579911977, 0.2844717080006376, 0.2910297500202432, 0.301363707985729, 0.30925062496680766, 0.31734520802274346, 0.3237514999927953, 0.33467670797836035, 0.34155054099392146, 0.3513625409686938, 0.35825812502298504, 0.36797937494702637, 0.37632116593886167, 0.38414454099256545, 0.39226658293046057, 0.400633915909566, 0.40772274998016655, 0.4184086659224704, 0.42580691596958786, 0.4345597909996286, 0.44172050000634044, 0.4517454579472542, 0.45882954099215567, 0.4673656659433618, 0.474298374960199, 0.48463154095225036, 0.4917601249180734, 0.5007242079591379, 0.5077408329816535, 0.5182418749900535]",6.160678707994521,6.1751821246619025,6.167573624989018,6.368483416968957,7.174312041956,7.159907666966319,,,,,,,,274053,2024-04-15_15h03.02.279,pedestal_cursor_ibl,2023.2.3,None,2024-04-15 15h03.11.487997 +0200,
35,0.0625,0.55997489,15,0.5,0.02,0.55997489,0,3,3,3,,,,,7.174312041956,,,,,,,,,,,,,,,7.160445332992822,0.020000000000000018,0.5,0.52,7.174312041956,7.745740375015885,7.726532332948409,7.726558667025529,7.745740375015885,7.745740375015885,7.745740375015885,7.745740375015885,0.009472207981161773,7.742536291658568,7.838876291993074,315,399,8.126293874927796,1,0,"[15.000000000000002, 15.000000000000002, 15.000000000000002, 15.000000000000002, 15.000000000000002, 15.000000000000002, 15.000000000000002, 15.000000000000002, 15.000000000000002, 15.000000000000002, 15.000000000000002, 15.000000000000002, 15.000000000000002, 15.000000000000002, 15.000000000000002, 15.000000000000002, 15.000000000000002, 15.000000000000002, 15.000000000000002, 15.000000000000002, 15.000000000000002, 15.000000000000002, 15.000000000000002, 15.000000000000002, 15.000000000000002, 15.000000000000002, 15.000000000000002, 15.000000000000002, 15.000000000000002, 15.000000000000002, 15.000000000000002, 15.000000000000002, 15.000000000000002, 15.000000000000002, 15.000000000000002, 14.902680151892412, 13.880821746762738, 13.880821746762738, 12.08040455677236, 12.08040455677236, 9.793388126244041, 9.793388126244041, 5.851934277886725, 4.635436176541875, 4.635436176541875, -0.52251577316029]","[0.0, 0.0, 0.0, 0.0, 0.0, 0.0, 0.0, 0.0, 0.0, 0.0, 0.0, 0.0, 0.0, 0.0, 0.0, 0.0, 0.0, 0.0, 0.0, 0.0, 0.0, 0.0, 0.0, 0.0, 0.0, 0.0, 0.0, 0.0, 0.0, 0.0, 0.0, 0.0, 0.0, 0.0, 0.0, -0.09731984810758802, -1.1191782532372623, -1.1191782532372623, -2.9195954432276405, -2.9195954432276405, -5.206611873755959, -5.206611873755959, -9.148065722113273, -10.364563823458125, -10.364563823458125, -15.52251577316029]","[0.0, 0.0, 0.0, 0.0, 0.0, 0.0, 0.0, 0.0, 0.0, 0.0, 0.0, 0.0, 0.0, 0.0, 0.0, 0.0, 0.0, 0.0, 0.0, 0.0, 0.0, 0.0, 0.0, 0.0, 0.0, 0.0, 0.0, 0.0, 0.0, 0.0, 0.0, 0.0, 0.0, 0.0, 0.0, 0.0, 0.0, 0.0, -0.29195954432276405, -0.29195954432276405, -0.7298988608069101, -0.7298988608069101, -1.4111377975600263, -1.5571175697214084, -1.5571175697214084, -2.3356763545821124]","[0, 0, 0, 0, 0, 0, 0, 0, 0, 0, 0, 0, 0, 0, 0, 0, 0, 0, 0, 0, 0, 0, 0, 0, 0, 0, 0, 0, 0, 0, 0, 0, 0, 0, 0, 0, 0, 0, 0, 0, 0, 0, 0, 0, 0, 0]","[0, 0, 0, 0, 0, 0, 0, 0, 0, 0, 0, 0, 0, 0, 0, 0, 0, 0, 0, 0, 0, 0, 0, 0, 0, 0, 0, 0, 0, 0, 0, 0, 0, 0, 0, 0, 0, 0, 0, 0, 0, 0, 0, 0, 0, 0]","[0, 0, 0, 0, 0, 0, 0, 0, 0, 0, 0, 0, 0, 0, 0, 0, 0, 0, 0, 0, 0, 0, 0, 0, 0, 0, 0, 0, 0, 0, 0, 0, 0, 0, 0, 0, 0, 0, 0, 0, 0, 0, 0, 0, 0, 0]","[0.00029699993319809437, 0.009884750004857779, 0.022876415983773768, 0.02951495791785419, 0.038727124920114875, 0.04564295802265406, 0.05571979098021984, 0.062311416026204824, 0.07176729093771428, 0.07877675001509488, 0.0890306249493733, 0.1028227909700945, 0.10922724998090416, 0.12239670800045133, 0.13069820799864829, 0.13868970796465874, 0.14521029102616012, 0.15576699993107468, 0.1638463749550283, 0.17223662498872727, 0.17862291599158198, 0.18898770795203745, 0.19728637498337775, 0.20497370802331716, 0.21327962493523955, 0.2225650829495862, 0.2298385000322014, 0.2383495409740135, 0.24534999998286366, 0.2557034579804167, 0.2622716659680009, 0.2742259999504313, 0.28102975001093, 0.28828133293427527, 0.2951812909450382, 0.3060377499787137, 0.31331041594967246, 0.32241870800498873, 0.3292847080156207, 0.33868454094044864, 0.3458652909612283, 0.3560606249375269, 0.36317637492902577, 0.3717199160018936, 0.3786605829373002, 0.3893914580112323]",8.127162332995795,8.141945708605151,8.133594166953117,8.338312166975811,9.1402472499758,9.126718207960948,,,,,,,,274053,2024-04-15_15h03.02.279,pedestal_cursor_ibl,2023.2.3,None,2024-04-15 15h03.11.487997 +0200,
-35,0.25,0.67488689,-15,0.5,0.1,0.67488689,0,4,4,4,,,,,9.1402472499758,,,,,,,,,,,,,,,9.127279083011672,-0.09999999999999998,0.6,0.5,9.1402472499758,9.815657499944791,9.799204624956474,9.799219332984649,9.815657499944791,9.815657499944791,9.815657499944791,9.815657499944791,0.007728082942776382,9.815480333698604,9.925466208020225,350,449,10.249936374952085,1,0,"[-15.000000000000002, -15.000000000000002, -15.000000000000002, -15.000000000000002, -15.000000000000002, -15.000000000000002, -15.000000000000002, -15.000000000000002, -15.000000000000002, -15.000000000000002, -15.000000000000002, -15.000000000000002, -15.000000000000002, -15.000000000000002, -15.000000000000002, -15.000000000000002, -15.000000000000002, -15.000000000000002, -15.000000000000002, -15.000000000000002, -15.000000000000002, -15.000000000000002, -15.000000000000002, -15.000000000000002, -15.000000000000002, -15.000000000000002, -15.000000000000002, -15.000000000000002, -15.000000000000002, -15.000000000000002, -15.000000000000002, -15.000000000000002, -15.000000000000002, -15.000000000000002, -15.000000000000002, -15.000000000000002, -15.000000000000002, -15.000000000000002, -14.513400759462062, -14.02680151892412, -13.394222506224798, -12.81030341757927, -12.08040455677236, -11.350505695965449, -9.793388126244041, -8.090290784361253, -6.387193442478462, -4.732756024649465, -2.8350189865514963, -1.131921644668708, 0.5711756972140842]","[0.0, 0.0, 0.0, 0.0, 0.0, 0.0, 0.0, 0.0, 0.0, 0.0, 0.0, 0.0, 0.0, 0.0, 0.0, 0.0, 0.0, 0.0, 0.0, 0.0, 0.0, 0.0, 0.0, 0.0, 0.0, 0.0, 0.0, 0.0, 0.0, 0.0, 0.0, 0.0, 0.0, 0.0, 0.0, 0.0, 0.0, 0.0, 0.4865992405379401, 0.9731984810758803, 1.6057774937752023, 2.1896965824207304, 2.9195954432276405, 3.6494943040345507, 5.206611873755959, 6.90970921563875, 8.61280655752154, 10.267243975350535, 12.164981013448504, 13.868078355331292, 15.571175697214084]","[0.0, 0.0, 0.0, 0.0, 0.0, 0.0, 0.0, 0.0, 0.0, 0.0, 0.0, 0.0, 0.0, 0.0, 0.0, 0.0, 0.0, 0.0, 0.0, 0.0, 0.0, 0.0, 0.0, 0.0, 0.0, 0.0, 0.0, 0.0, 0.0, 0.0, 0.0, 0.0, 0.0, 0.0, 0.0, 0.0, 0.0, 0.0, 0.0, 0.0, -0.09731984810758802, -0.14597977216138203, -0.19463969621517604, -0.24329962026897006, -0.4379393164841461, -0.5839190886455281, -0.7785587848607042, -0.8758786329682922, -1.0705183291834681, -1.1678381772910562, -1.3138179494524382]","[0, 0, 0, 0, 0, 0, 0, 0, 0, 0, 0, 0, 0, 0, 0, 0, 0, 0, 0, 0, 0, 0, 0, 0, 0, 0, 0, 0, 0, 0, 0, 0, 0, 0, 0, 0, 0, 0, 0, 0, 0, 0, 0, 0, 0, 0, 0, 0, 0, 0, 0]","[0, 0, 0, 0, 0, 0, 0, 0, 0, 0, 0, 0, 0, 0, 0, 0, 0, 0, 0, 0, 0, 0, 0, 0, 0, 0, 0, 0, 0, 0, 0, 0, 0, 0, 0, 0, 0, 0, 0, 0, 0, 0, 0, 0, 0, 0, 0, 0, 0, 0, 0]","[0, 0, 0, 0, 0, 0, 0, 0, 0, 0, 0, 0, 0, 0, 0, 0, 0, 0, 0, 0, 0, 0, 0, 0, 0, 0, 0, 0, 0, 0, 0, 0, 0, 0, 0, 0, 0, 0, 0, 0, 0, 0, 0, 0, 0, 0, 0, 0, 0, 0, 0]","[0.00025920907501131296, 0.008878084016032517, 0.017804959090426564, 0.024862291989848018, 0.03433858405333012, 0.04108975001145154, 0.051893291994929314, 0.05869175004772842, 0.06812608405016363, 0.07481370901223272, 0.08476812508888543, 0.09139175002928823, 0.12032737501431257, 0.13693345908541232, 0.14477616699878126, 0.15167741710320115, 0.15820362500380725, 0.1698471250711009, 0.1768912090919912, 0.18415437499061227, 0.19059362506959587, 0.20150929200462997, 0.20860558398999274, 0.21952266700100154, 0.226475500036031, 0.23413020907901227, 0.24117391707841307, 0.25340312509797513, 0.2621697090798989, 0.2706502090441063, 0.27748616703320295, 0.2839672090485692, 0.2904407500755042, 0.30335979210212827, 0.31093533406965435, 0.3176025840220973, 0.3241374170174822, 0.3347876250045374, 0.3423622500849888, 0.3516573749948293, 0.35839625005610287, 0.3681252500973642, 0.3757875420851633, 0.384182459092699, 0.39124770904891193, 0.40086491708643734, 0.40837137505877763, 0.41838750010356307, 0.4254322920460254, 0.4349790840642527, 0.4420069589978084]",10.250851582968608,10.265339541660312,10.258194416994229,10.460121999960393,11.25742908299435,11.243090542033315,,,,,,,,274053,2024-04-15_15h03.02.279,pedestal_cursor_ibl,2023.2.3,None,2024-04-15 15h03.11.487997 +0200,
-35,0,0.65214593,-15,0.5,0,0.65214593,0,5,5,5,,,,,11.25742908299435,,,,,,,,,,,,,,,11.243637457955629,0.0,0.5,0.5,11.25742908299435,11.912648624973372,11.893469624919817,11.89349858299829,11.912648624973372,11.912648624973372,11.912648624973372,11.912648624973372,0.009872291935607791,11.909316958688821,12.00692141696345,339,538,12.433095082989894,1,0,"[-15.000000000000002, -15.000000000000002, -15.000000000000002, -15.000000000000002, -15.000000000000002, -15.000000000000002, -15.000000000000002, -15.000000000000002, -15.000000000000002, -15.000000000000002, -15.000000000000002, -15.000000000000002, -15.000000000000002, -15.000000000000002, -15.000000000000002, -15.000000000000002, -15.000000000000002, -15.000000000000002, -15.000000000000002, -15.000000000000002, -15.000000000000002, -15.000000000000002, -15.000000000000002, -15.000000000000002, -15.000000000000002, -15.000000000000002, -15.000000000000002, -15.000000000000002, -15.000000000000002, -15.000000000000002, -15.000000000000002, -15.000000000000002, -15.000000000000002, -15.000000000000002, -15.000000000000002, -15.000000000000002, -15.000000000000002, -15.000000000000002, -15.048659924053796, -15.097319848107583, -15.145979772161382, -15.194639696215177, -15.194639696215177, -15.194639696215177, -15.194639696215177, -15.194639696215177, -15.194639696215177, -15.194639696215177, -15.194639696215177, -14.951340075946208, -14.61072060756965, -14.172781291085501, -13.248242734063417, -12.518343873256507, -11.447825544073037, -10.182667518674394, -8.96616941732954, -7.6036915438233095, -6.046573974101902, -4.684096100595669, -4.0515170878963485, -2.980998758712879, 0.18189630478373256]","[0.0, 0.0, 0.0, 0.0, 0.0, 0.0, 0.0, 0.0, 0.0, 0.0, 0.0, 0.0, 0.0, 0.0, 0.0, 0.0, 0.0, 0.0, 0.0, 0.0, 0.0, 0.0, 0.0, 0.0, 0.0, 0.0, 0.0, 0.0, 0.0, 0.0, 0.0, 0.0, 0.0, 0.0, 0.0, 0.0, 0.0, 0.0, -0.04865992405379401, -0.09731984810758802, -0.14597977216138203, -0.19463969621517604, -0.19463969621517604, -0.19463969621517604, -0.19463969621517604, -0.19463969621517604, -0.19463969621517604, -0.19463969621517604, -0.19463969621517604, 0.04865992405379401, 0.3892793924303521, 0.8272187089144982, 1.7517572659365843, 2.4816561267434945, 3.552174455926963, 4.817332481325607, 6.033830582670457, 7.3963084561766905, 8.953426025898098, 10.315903899404331, 10.948482912103652, 12.019001241287121, 15.181896304783733]","[0.0, 0.0, 0.0, 0.0, 0.0, 0.0, 0.0, 0.0, 0.0, 0.0, 0.0, 0.0, 0.0, 0.0, 0.0, 0.0, 0.0, 0.0, 0.0, 0.0, 0.0, 0.0, 0.0, 0.0, 0.0, 0.0, 0.0, 0.0, 0.0, 0.0, 0.0, 0.0, 0.0, 0.0, 0.0, 0.0, 0.0, 0.0, 0.0, 0.0, 0.0, 0.0, 0.0, 0.0, 0.0, 0.0, 0.0, 0.0, 0.0, 0.0, 0.09731984810758802, 0.19463969621517604, 0.3892793924303521, 0.5352591645917341, 0.5839190886455281, 0.7298988608069101, 0.8272187089144982, 0.8272187089144982, 0.8272187089144982, 0.8272187089144982, 0.8272187089144982, 0.8272187089144982, 0.4379393164841461]","[0, 0, 0, 0, 0, 0, 0, 0, 0, 0, 0, 0, 0, 0, 0, 0, 0, 0, 0, 0, 0, 0, 0, 0, 0, 0, 0, 0, 0, 0, 0, 0, 0, 0, 0, 0, 0, 0, 0, 0, 0, 0, 0, 0, 0, 0, 0, 0, 0, 0, 0, 0, 0, 0, 0, 0, 0, 0, 0, 0, 0, 0, 0]","[0, 0, 0, 0, 0, 0, 0, 0, 0, 0, 0, 0, 0, 0, 0, 0, 0, 0, 0, 0, 0, 0, 0, 0, 0, 0, 0, 0, 0, 0, 0, 0, 0, 0, 0, 0, 0, 0, 0, 0, 0, 0, 0, 0, 0, 0, 0, 0, 0, 0, 0, 0, 0, 0, 0, 0, 0, 0, 0, 0, 0, 0, 0]","[0, 0, 0, 0, 0, 0, 0, 0, 0, 0, 0, 0, 0, 0, 0, 0, 0, 0, 0, 0, 0, 0, 0, 0, 0, 0, 0, 0, 0, 0, 0, 0, 0, 0, 0, 0, 0, 0, 0, 0, 0, 0, 0, 0, 0, 0, 0, 0, 0, 0, 0, 0, 0, 0, 0, 0, 0, 0, 0, 0, 0, 0, 0]","[0.00028304196894168854, 0.009424249990843236, 0.02172800002153963, 0.028706458979286253, 0.03845658397767693, 0.04530737502500415, 0.05496858397964388, 0.06182091706432402, 0.07195787504315376, 0.07863524998538196, 0.0898510420229286, 0.10475491697434336, 0.11145095899701118, 0.1213017919799313, 0.12816137506160885, 0.1400931669631973, 0.14727225003298372, 0.15486204205080867, 0.1615846250206232, 0.17362858401611447, 0.18107466702349484, 0.18757508404087275, 0.19409191701561213, 0.20498262497130781, 0.21178416698239744, 0.22156516707036644, 0.23112129198852926, 0.23845829197671264, 0.2452497499762103, 0.25440645904745907, 0.26103962503839284, 0.27108354202937335, 0.2782552089774981, 0.28833062504418194, 0.2953131250105798, 0.3049404170596972, 0.31200841697864234, 0.3216065840097144, 0.329048709012568, 0.3379792090272531, 0.34536962502170354, 0.35469337506219745, 0.36360116698779166, 0.3712488750461489, 0.37813795905094594, 0.3883624169975519, 0.3949471670202911, 0.4068633340066299, 0.41397537500597537, 0.4209202090278268, 0.4278010840062052, 0.4385229169856757, 0.4457018750254065, 0.4550054999999702, 0.46198608400300145, 0.47189633396919817, 0.47917429206427187, 0.48794545896817, 0.49477175006177276, 0.5055387920001522, 0.5124102090485394, 0.5218206669669598, 0.528528125025332]",12.434103916981257,12.448602124645065,12.458383291959763,12.65439433301799,13.456522917025723,13.443377749994397,,,,,,,,274053,2024-04-15_15h03.02.279,pedestal_cursor_ibl,2023.2.3,None,2024-04-15 15h03.11.487997 +0200,
-35,0.125,0.4835406,-15,0.5,0.05,0.4835406,0,6,6,6,,,,,13.456522917025723,,,,,,,,,,,,,,,13.443936708034016,-0.050000000000000044,0.55,0.5,13.456522917025723,13.946610916987993,13.926739332964644,13.926761167007498,13.946610916987993,13.946610916987993,13.946610916987993,13.946610916987993,0.009004791965708137,13.942732291591044,14.042607374954969,472,732,14.659899250022136,1,0,"[-15.000000000000002, -15.000000000000002, -15.000000000000002, -15.000000000000002, -15.000000000000002, -15.000000000000002, -15.000000000000002, -15.000000000000002, -15.000000000000002, -15.000000000000002, -15.000000000000002, -15.000000000000002, -15.000000000000002, -15.000000000000002, -15.000000000000002, -15.000000000000002, -15.000000000000002, -15.000000000000002, -15.000000000000002, -15.000000000000002, -15.000000000000002, -15.000000000000002, -15.000000000000002, -15.000000000000002, -15.000000000000002, -15.000000000000002, -15.000000000000002, -15.000000000000002, -15.000000000000002, -15.000000000000002, -15.000000000000002, -15.000000000000002, -15.000000000000002, -15.000000000000002, -15.000000000000002, -15.000000000000002, -15.000000000000002, -15.000000000000002, -15.000000000000002, -15.000000000000002, -15.000000000000002, -15.000000000000002, -15.000000000000002, -15.000000000000002, -15.000000000000002, -15.000000000000002, -15.000000000000002, -15.000000000000002, -15.000000000000002, -15.000000000000002, -15.000000000000002, -15.000000000000002, -15.000000000000002, -15.000000000000002, -15.000000000000002, -14.805360303784823, -14.562060683515856, -14.318761063246885, -14.12412136703171, -13.491542354332386, -13.491542354332386, -12.761643493525476, -12.323704177041328, -10.766586607319923, -10.766586607319923, -8.528230100845397, -8.528230100845397, -8.090290784361253, -7.263072075446755, -6.435853366532256, -5.219355265187403, -4.586776252488082, -4.0515170878963485, -3.5649178473584064, -3.1269785308742613, -2.6890392143901156, -2.4943995181749385, -1.9591403535832068, -1.8131605814218241, -1.5698609611528518, -1.2779014168300904, -1.0832617206149138, -0.9372819484535313, -0.6453224041307681, -0.30470293575420904, -0.11006323953903241, 0.18189630478373256]","[0.0, 0.0, 0.0, 0.0, 0.0, 0.0, 0.0, 0.0, 0.0, 0.0, 0.0, 0.0, 0.0, 0.0, 0.0, 0.0, 0.0, 0.0, 0.0, 0.0, 0.0, 0.0, 0.0, 0.0, 0.0, 0.0, 0.0, 0.0, 0.0, 0.0, 0.0, 0.0, 0.0, 0.0, 0.0, 0.0, 0.0, 0.0, 0.0, 0.0, 0.0, 0.0, 0.0, 0.0, 0.0, 0.0, 0.0, 0.0, 0.0, 0.0, 0.0, 0.0, 0.0, 0.0, 0.0, 0.19463969621517604, 0.4379393164841461, 0.6812389367531162, 0.8758786329682922, 1.5084576456676142, 1.5084576456676142, 2.2383565064745246, 2.6762958229586706, 4.233413392680078, 4.233413392680078, 6.471769899154603, 6.471769899154603, 6.90970921563875, 7.736927924553247, 8.564146633467745, 9.780644734812597, 10.413223747511918, 10.948482912103652, 11.435082152641593, 11.873021469125739, 12.310960785609884, 12.505600481825061, 13.040859646416793, 13.186839418578176, 13.430139038847148, 13.72209858316991, 13.916738279385086, 14.062718051546469, 14.354677595869232, 14.695297064245791, 14.889936760460968, 15.181896304783733]","[0.0, 0.0, 0.0, 0.0, 0.0, 0.0, 0.0, 0.0, 0.0, 0.0, 0.0, 0.0, 0.0, 0.0, 0.0, 0.0, 0.0, 0.0, 0.0, 0.0, 0.0, 0.0, 0.0, 0.0, 0.0, 0.0, 0.0, 0.0, 0.0, 0.0, 0.0, 0.0, 0.0, 0.0, 0.0, 0.0, 0.0, 0.0, 0.0, 0.0, 0.0, 0.0, 0.0, 0.0, 0.0, 0.0, 0.0, 0.0, 0.0, 0.0, 0.0, 0.0, 0.0, 0.0, 0.0, 0.0, 0.0, 0.0, -0.04865992405379401, -0.14597977216138203, -0.14597977216138203, -0.24329962026897006, -0.29195954432276405, -0.4379393164841461, -0.4379393164841461, -0.6812389367531162, -0.6812389367531162, -0.7298988608069101, -0.7785587848607042, -0.8272187089144982, -1.0218584051296742, -1.0705183291834681, -1.1191782532372623, -1.1678381772910562, -1.1678381772910562, -1.2164981013448501, -1.2164981013448501, -1.2164981013448501, -1.2164981013448501, -1.2164981013448501, -1.2164981013448501, -1.2164981013448501, -1.2164981013448501, -1.2164981013448501, -1.2164981013448501, -1.2164981013448501, -1.265158025398644]","[0, 0, 0, 0, 0, 0, 0, 0, 0, 0, 0, 0, 0, 0, 0, 0, 0, 0, 0, 0, 0, 0, 0, 0, 0, 0, 0, 0, 0, 0, 0, 0, 0, 0, 0, 0, 0, 0, 0, 0, 0, 0, 0, 0, 0, 0, 0, 0, 0, 0, 0, 0, 0, 0, 0, 0, 0, 0, 0, 0, 0, 0, 0, 0, 0, 0, 0, 0, 0, 0, 0, 0, 0, 0, 0, 0, 0, 0, 0, 0, 0, 0, 0, 0, 0, 0, 0]","[0, 0, 0, 0, 0, 0, 0, 0, 0, 0, 0, 0, 0, 0, 0, 0, 0, 0, 0, 0, 0, 0, 0, 0, 0, 0, 0, 0, 0, 0, 0, 0, 0, 0, 0, 0, 0, 0, 0, 0, 0, 0, 0, 0, 0, 0, 0, 0, 0, 0, 0, 0, 0, 0, 0, 0, 0, 0, 0, 0, 0, 0, 0, 0, 0, 0, 0, 0, 0, 0, 0, 0, 0, 0, 0, 0, 0, 0, 0, 0, 0, 0, 0, 0, 0, 0, 0]","[0, 0, 0, 0, 0, 0, 0, 0, 0, 0, 0, 0, 0, 0, 0, 0, 0, 0, 0, 0, 0, 0, 0, 0, 0, 0, 0, 0, 0, 0, 0, 0, 0, 0, 0, 0, 0, 0, 0, 0, 0, 0, 0, 0, 0, 0, 0, 0, 0, 0, 0, 0, 0, 0, 0, 0, 0, 0, 0, 0, 0, 0, 0, 0, 0, 0, 0, 0, 0, 0, 0, 0, 0, 0, 0, 0, 0, 0, 0, 0, 0, 0, 0, 0, 0, 0, 0]","[0.00028133299201726913, 0.01104620797559619, 0.022710416931658983, 0.02946508303284645, 0.03927641699556261, 0.0459561669267714, 0.05591829202603549, 0.06256754195783287, 0.07240049995016307, 0.0808510830393061, 0.08872054202947766, 0.09548791695851833, 0.1067937919870019, 0.11335941695142537, 0.1220294579397887, 0.12871820793952793, 0.1393493750365451, 0.14602308301255107, 0.1576462920056656, 0.16454937495291233, 0.17193220800254494, 0.1784990419400856, 0.18934299994725734, 0.19617462495807558, 0.20772025000769645, 0.21521779196336865, 0.22213925002142787, 0.22859520802740008, 0.23925949994008988, 0.24595050001516938, 0.25785924994852394, 0.2655063329730183, 0.2723742079688236, 0.2792198749957606, 0.28903212503064424, 0.2955749169923365, 0.3052625829586759, 0.31328920798841864, 0.32196295796893537, 0.3285239579854533, 0.3409818329382688, 0.3482098749373108, 0.355386917013675, 0.36175745795480907, 0.37346958299167454, 0.38187529193237424, 0.3890724169323221, 0.39549662498757243, 0.4058971250196919, 0.4139495419804007, 0.421940749976784, 0.4283522079931572, 0.439615499926731, 0.44671066699083894, 0.45607004198245704, 0.4632357079535723, 0.47268766700290143, 0.47957249998580664, 0.4895415420178324, 0.4966290829470381, 0.505686542019248, 0.5127019579522312, 0.5226722499355674, 0.529637667001225, 0.5397996249375865, 0.5466526669915766, 0.5556009999709204, 0.5624654579441994, 0.5725548330228776, 0.579611707944423, 0.5887020829832181, 0.597178041934967, 0.6054159579798579, 0.6123971670167521, 0.6227156249806285, 0.6298044580034912, 0.6387209999375045, 0.6454694999847561, 0.6561703330371529, 0.663501292001456, 0.6719686249271035, 0.6785834999755025, 0.6895294999703765, 0.6961710419273004, 0.7063592079794034, 0.7131764999357983, 0.7231402499601245]",14.661211292026564,14.675402041586738,14.668813499971293,14.86928362492472,15.672831082949415,15.660113457939588,,,,,,,,274053,2024-04-15_15h03.02.279,pedestal_cursor_ibl,2023.2.3,None,2024-04-15 15h03.11.487997 +0200,
35,0.125,0.48355817,15,0.5,0.05,0.48355817,0,7,7,7,,,,,15.672831082949415,,,,,,,,,,,,,,,15.660673417034559,0.050000000000000044,0.5,0.55,15.672831082949415,16.162465457920916,16.143378957989626,16.14340674993582,16.162465457920916,16.162465457920916,16.162465457920916,16.162465457920916,0.01004183292388916,16.15937991667694,16.253719207947142,338,488,16.632123332936317,1,0,"[15.000000000000002, 15.000000000000002, 15.000000000000002, 15.000000000000002, 15.000000000000002, 15.000000000000002, 15.000000000000002, 15.000000000000002, 15.000000000000002, 15.000000000000002, 15.000000000000002, 15.000000000000002, 15.000000000000002, 15.000000000000002, 15.000000000000002, 15.000000000000002, 15.000000000000002, 15.000000000000002, 15.000000000000002, 15.000000000000002, 15.000000000000002, 15.000000000000002, 15.000000000000002, 15.000000000000002, 15.000000000000002, 15.000000000000002, 15.000000000000002, 15.000000000000002, 15.000000000000002, 15.000000000000002, 15.000000000000002, 15.000000000000002, 15.000000000000002, 15.000000000000002, 15.000000000000002, 15.000000000000002, 14.951340075946208, 14.61072060756965, 14.61072060756965, 14.270101139193091, 13.442882430278592, 12.907623265686858, 12.372364101095126, 11.691125164342008, 11.058546151642682, 9.69606827813645, 9.69606827813645, 8.333590404630222, 5.559974733563963, 4.343476632219112, 3.7108976195197894, 3.7108976195197894, 1.667180809260442, 0.6939823281845621, -0.13323638072993482]","[0.0, 0.0, 0.0, 0.0, 0.0, 0.0, 0.0, 0.0, 0.0, 0.0, 0.0, 0.0, 0.0, 0.0, 0.0, 0.0, 0.0, 0.0, 0.0, 0.0, 0.0, 0.0, 0.0, 0.0, 0.0, 0.0, 0.0, 0.0, 0.0, 0.0, 0.0, 0.0, 0.0, 0.0, 0.0, 0.0, -0.04865992405379401, -0.3892793924303521, -0.3892793924303521, -0.7298988608069101, -1.5571175697214084, -2.0923767343131425, -2.6276358989048765, -3.308874835657993, -3.9414538483573147, -5.303931721863547, -5.303931721863547, -6.666409595369779, -9.440025266436038, -10.656523367780888, -11.28910238048021, -11.28910238048021, -13.332819190739558, -14.306017671815438, -15.133236380729935]","[0.0, 0.0, 0.0, 0.0, 0.0, 0.0, 0.0, 0.0, 0.0, 0.0, 0.0, 0.0, 0.0, 0.0, 0.0, 0.0, 0.0, 0.0, 0.0, 0.0, 0.0, 0.0, 0.0, 0.0, 0.0, 0.0, 0.0, 0.0, 0.0, 0.0, 0.0, 0.0, 0.0, 0.0, 0.0, 0.0, 0.0, 0.0, 0.0, 0.0, 0.0, 0.0, 0.0, 0.0, 0.0, 0.0, 0.0, 0.0, 0.0, 0.0, 0.0, 0.0, 0.0, 0.09731984810758802, 0.19463969621517604]","[0, 0, 0, 0, 0, 0, 0, 0, 0, 0, 0, 0, 0, 0, 0, 0, 0, 0, 0, 0, 0, 0, 0, 0, 0, 0, 0, 0, 0, 0, 0, 0, 0, 0, 0, 0, 0, 0, 0, 0, 0, 0, 0, 0, 0, 0, 0, 0, 0, 0, 0, 0, 0, 0, 0]","[0, 0, 0, 0, 0, 0, 0, 0, 0, 0, 0, 0, 0, 0, 0, 0, 0, 0, 0, 0, 0, 0, 0, 0, 0, 0, 0, 0, 0, 0, 0, 0, 0, 0, 0, 0, 0, 0, 0, 0, 0, 0, 0, 0, 0, 0, 0, 0, 0, 0, 0, 0, 0, 0, 0]","[0, 0, 0, 0, 0, 0, 0, 0, 0, 0, 0, 0, 0, 0, 0, 0, 0, 0, 0, 0, 0, 0, 0, 0, 0, 0, 0, 0, 0, 0, 0, 0, 0, 0, 0, 0, 0, 0, 0, 0, 0, 0, 0, 0, 0, 0, 0, 0, 0, 0, 0, 0, 0, 0, 0]","[0.00027004198636859655, 0.00930599996354431, 0.021979874931275845, 0.02872879197821021, 0.03776958293747157, 0.044321499997749925, 0.054952707956545055, 0.06194470799528062, 0.07097649993374944, 0.07741037500090897, 0.08834145800210536, 0.10023549990728498, 0.12352604197803885, 0.13972541689872742, 0.14720549993216991, 0.1547944579506293, 0.16148779192008078, 0.17337199999019504, 0.18043145793490112, 0.1876141249667853, 0.19406316697131842, 0.20494479197077453, 0.21169858297798783, 0.22162058297544718, 0.22838504193350673, 0.24020979192573577, 0.24722595792263746, 0.2539788750000298, 0.26039337494876236, 0.2731387499952689, 0.28058679192326963, 0.287655416992493, 0.2942819169256836, 0.30498733290005475, 0.311500332900323, 0.3210364169208333, 0.3289387079421431, 0.3376486669294536, 0.3444049999816343, 0.3552502499660477, 0.36296204198151827, 0.371053957962431, 0.37790745799429715, 0.38855470798444003, 0.39568499999586493, 0.4044261669041589, 0.4114659168990329, 0.42206679191440344, 0.4293542919913307, 0.43770024995319545, 0.444527207990177, 0.4573317499598488, 0.46453108300920576, 0.47099666693247855, 0.4775599999120459]",16.63312887493521,16.64766658359828,16.64118299994152,16.844015375012532,17.64029591693543,17.626522707985714,,,,,,,,274053,2024-04-15_15h03.02.279,pedestal_cursor_ibl,2023.2.3,None,2024-04-15 15h03.11.487997 +0200,
-35,0.0625,0.67839508,-15,0.5,0.02,0.67839508,0,8,8,8,,,,,17.64029591693543,,,,,,,,,,,,,,,17.627067832974717,-0.020000000000000018,0.52,0.5,17.64029591693543,18.32817954197526,18.309888749965467,18.309908582945354,18.32817954197526,18.32817954197526,18.32817954197526,18.32817954197526,0.009383665979839861,18.32577983366015,18.423671082942747,481,605,18.915727874962613,1,0,"[-15.000000000000002, -15.000000000000002, -15.000000000000002, -15.000000000000002, -15.000000000000002, -15.000000000000002, -15.000000000000002, -15.000000000000002, -15.000000000000002, -15.000000000000002, -15.000000000000002, -15.000000000000002, -15.000000000000002, -15.000000000000002, -15.000000000000002, -15.000000000000002, -15.000000000000002, -15.000000000000002, -15.000000000000002, -15.000000000000002, -15.000000000000002, -15.000000000000002, -15.000000000000002, -15.000000000000002, -15.000000000000002, -15.000000000000002, -15.000000000000002, -15.000000000000002, -15.000000000000002, -15.000000000000002, -15.000000000000002, -15.000000000000002, -15.000000000000002, -15.000000000000002, -15.000000000000002, -15.000000000000002, -15.000000000000002, -15.000000000000002, -15.000000000000002, -15.000000000000002, -15.000000000000002, -15.000000000000002, -15.000000000000002, -15.000000000000002, -15.000000000000002, -15.000000000000002, -15.000000000000002, -15.000000000000002, -15.000000000000002, -15.000000000000002, -15.000000000000002, -15.000000000000002, -15.000000000000002, -15.000000000000002, -14.951340075946208, -14.708040455677237, -14.416080911354472, -14.172781291085501, -13.832161822708944, -13.394222506224798, -12.858963341633064, -11.885764860557183, -10.863906455427509, -9.744728202190247, -8.528230100845397, -7.117092303285372, -5.608634657617756, -2.543059442228733, -0.9859418725073255, 0.7171554693754647]","[0.0, 0.0, 0.0, 0.0, 0.0, 0.0, 0.0, 0.0, 0.0, 0.0, 0.0, 0.0, 0.0, 0.0, 0.0, 0.0, 0.0, 0.0, 0.0, 0.0, 0.0, 0.0, 0.0, 0.0, 0.0, 0.0, 0.0, 0.0, 0.0, 0.0, 0.0, 0.0, 0.0, 0.0, 0.0, 0.0, 0.0, 0.0, 0.0, 0.0, 0.0, 0.0, 0.0, 0.0, 0.0, 0.0, 0.0, 0.0, 0.0, 0.0, 0.0, 0.0, 0.0, 0.0, 0.04865992405379401, 0.29195954432276405, 0.5839190886455281, 0.8272187089144982, 1.1678381772910562, 1.6057774937752023, 2.1410366583669362, 3.1142351394428167, 4.136093544572491, 5.255271797809753, 6.471769899154603, 7.882907696714629, 9.391365342382244, 12.456940557771267, 14.014058127492675, 15.717155469375465]","[0.0, 0.0, 0.0, 0.0, 0.0, 0.0, 0.0, 0.0, 0.0, 0.0, 0.0, 0.0, 0.0, 0.0, 0.0, 0.0, 0.0, 0.0, 0.0, 0.0, 0.0, 0.0, 0.0, 0.0, 0.0, 0.0, 0.0, 0.0, 0.0, 0.0, 0.0, 0.0, 0.0, 0.0, 0.0, 0.0, 0.0, 0.0, 0.0, 0.0, 0.0, 0.0, 0.0, 0.0, 0.0, 0.0, 0.0, 0.0, 0.0, 0.0, 0.0, 0.0, 0.0, 0.0, 0.0, 0.0, 0.0, -0.04865992405379401, -0.04865992405379401, -0.04865992405379401, -0.04865992405379401, -0.04865992405379401, -0.04865992405379401, -0.04865992405379401, -0.04865992405379401, 0.0, 0.09731984810758802, 0.29195954432276405, 0.29195954432276405, 0.3406194683765581]","[0, 0, 0, 0, 0, 0, 0, 0, 0, 0, 0, 0, 0, 0, 0, 0, 0, 0, 0, 0, 0, 0, 0, 0, 0, 0, 0, 0, 0, 0, 0, 0, 0, 0, 0, 0, 0, 0, 0, 0, 0, 0, 0, 0, 0, 0, 0, 0, 0, 0, 0, 0, 0, 0, 0, 0, 0, 0, 0, 0, 0, 0, 0, 0, 0, 0, 0, 0, 0, 0]","[0, 0, 0, 0, 0, 0, 0, 0, 0, 0, 0, 0, 0, 0, 0, 0, 0, 0, 0, 0, 0, 0, 0, 0, 0, 0, 0, 0, 0, 0, 0, 0, 0, 0, 0, 0, 0, 0, 0, 0, 0, 0, 0, 0, 0, 0, 0, 0, 0, 0, 0, 0, 0, 0, 0, 0, 0, 0, 0, 0, 0, 0, 0, 0, 0, 0, 0, 0, 0, 0]","[0, 0, 0, 0, 0, 0, 0, 0, 0, 0, 0, 0, 0, 0, 0, 0, 0, 0, 0, 0, 0, 0, 0, 0, 0, 0, 0, 0, 0, 0, 0, 0, 0, 0, 0, 0, 0, 0, 0, 0, 0, 0, 0, 0, 0, 0, 0, 0, 0, 0, 0, 0, 0, 0, 0, 0, 0, 0, 0, 0, 0, 0, 0, 0, 0, 0, 0, 0, 0, 0]","[0.0002738750772550702, 0.009062708006240427, 0.02244962507393211, 0.029216625029221177, 0.039172166027128696, 0.04618687508627772, 0.05572212499100715, 0.06242941599339247, 0.07241712498944253, 0.07942908303812146, 0.0909741660580039, 0.10439795802813023, 0.11097762500867248, 0.12443245807662606, 0.13229787501040846, 0.13886225002352148, 0.14537362498231232, 0.15747787500731647, 0.16486387501936406, 0.17141516599804163, 0.1779026660369709, 0.18935108301229775, 0.1959140410181135, 0.20554904104210436, 0.21234812506008893, 0.22442412504460663, 0.23143133299890906, 0.23806800006423146, 0.24461962503846735, 0.2574423330370337, 0.2749131249729544, 0.28333825001027435, 0.29032287502195686, 0.29681691608857363, 0.30547000002115965, 0.3120055830804631, 0.32204375008586794, 0.32865041599143296, 0.340810582973063, 0.34789983299560845, 0.3551337079843506, 0.36144787503872067, 0.3724065830465406, 0.37927420798223466, 0.39119391597341746, 0.3987335410201922, 0.40522225003223866, 0.4117335000773892, 0.4244900830090046, 0.43202175002079457, 0.438954416080378, 0.44542091607581824, 0.4572989579755813, 0.46457262500189245, 0.47174050007015467, 0.4786737500689924, 0.48971054097637534, 0.49723829107824713, 0.5058847500476986, 0.512879415997304, 0.5230629580328241, 0.5301962500670925, 0.5387262500589713, 0.5457381249871105, 0.555470708059147, 0.562381666037254, 0.5730984580004588, 0.5797650830354542, 0.5885547080542892, 0.5954352910630405]",18.916938707930967,18.93139033363356,18.924133499967866,19.127063625026494,19.922732374980114,19.910026583005674,,,,,,,,274053,2024-04-15_15h03.02.279,pedestal_cursor_ibl,2023.2.3,None,2024-04-15 15h03.11.487997 +0200,
-35,0.125,0.4548179,-15,0.5,0.05,0.4548179,0,9,9,9,,,,,19.922732374980114,,,,,,,,,,,,,,,19.91058124997653,-0.050000000000000044,0.55,0.5,19.922732374980114,20.38202595792245,20.365884291939437,20.365897791925818,20.38202595792245,20.38202595792245,20.38202595792245,20.38202595792245,0.007522040978074074,20.382177249590555,20.47894591698423,482,567,20.9334552079672,1,0,"[-15.000000000000002, -15.000000000000002, -15.000000000000002, -15.000000000000002, -15.000000000000002, -15.000000000000002, -15.000000000000002, -15.000000000000002, -15.000000000000002, -15.000000000000002, -15.000000000000002, -15.000000000000002, -15.000000000000002, -15.000000000000002, -15.000000000000002, -15.000000000000002, -15.000000000000002, -15.000000000000002, -15.000000000000002, -15.000000000000002, -15.000000000000002, -15.000000000000002, -15.000000000000002, -15.000000000000002, -15.000000000000002, -15.000000000000002, -15.000000000000002, -15.000000000000002, -15.000000000000002, -15.000000000000002, -15.000000000000002, -15.000000000000002, -15.000000000000002, -15.000000000000002, -15.000000000000002, -15.000000000000002, -15.000000000000002, -15.000000000000002, -15.000000000000002, -15.000000000000002, -15.000000000000002, -15.000000000000002, -15.000000000000002, -15.000000000000002, -15.000000000000002, -15.000000000000002, -15.000000000000002, -15.000000000000002, -15.000000000000002, -15.000000000000002, -15.000000000000002, -15.000000000000002, -15.000000000000002, -15.000000000000002, -15.000000000000002, -14.659380531623443, -14.12412136703171, -12.81030341757927, -12.81030341757927, -11.009886227588893, -11.009886227588893, -7.506371695715723, -5.4139949614025795, -5.4139949614025795, -3.5649178473584064, 0.52251577316029]","[0.0, 0.0, 0.0, 0.0, 0.0, 0.0, 0.0, 0.0, 0.0, 0.0, 0.0, 0.0, 0.0, 0.0, 0.0, 0.0, 0.0, 0.0, 0.0, 0.0, 0.0, 0.0, 0.0, 0.0, 0.0, 0.0, 0.0, 0.0, 0.0, 0.0, 0.0, 0.0, 0.0, 0.0, 0.0, 0.0, 0.0, 0.0, 0.0, 0.0, 0.0, 0.0, 0.0, 0.0, 0.0, 0.0, 0.0, 0.0, 0.0, 0.0, 0.0, 0.0, 0.0, 0.0, 0.0, 0.3406194683765581, 0.8758786329682922, 2.1896965824207304, 2.1896965824207304, 3.990113772411109, 3.990113772411109, 7.493628304284277, 9.58600503859742, 9.58600503859742, 11.435082152641593, 15.52251577316029]","[0.0, 0.0, 0.0, 0.0, 0.0, 0.0, 0.0, 0.0, 0.0, 0.0, 0.0, 0.0, 0.0, 0.0, 0.0, 0.0, 0.0, 0.0, 0.0, 0.0, 0.0, 0.0, 0.0, 0.0, 0.0, 0.0, 0.0, 0.0, 0.0, 0.0, 0.0, 0.0, 0.0, 0.0, 0.0, 0.0, 0.0, 0.0, 0.0, 0.0, 0.0, 0.0, 0.0, 0.0, 0.0, 0.0, 0.0, 0.0, 0.0, 0.0, 0.0, 0.0, 0.0, 0.0, 0.0, 0.0, 0.04865992405379401, 0.29195954432276405, 0.29195954432276405, 0.5839190886455281, 0.5839190886455281, 0.8272187089144982, 1.0218584051296742, 1.0218584051296742, 1.1191782532372623, 1.4111377975600263]","[0, 0, 0, 0, 0, 0, 0, 0, 0, 0, 0, 0, 0, 0, 0, 0, 0, 0, 0, 0, 0, 0, 0, 0, 0, 0, 0, 0, 0, 0, 0, 0, 0, 0, 0, 0, 0, 0, 0, 0, 0, 0, 0, 0, 0, 0, 0, 0, 0, 0, 0, 0, 0, 0, 0, 0, 0, 0, 0, 0, 0, 0, 0, 0, 0, 0]","[0, 0, 0, 0, 0, 0, 0, 0, 0, 0, 0, 0, 0, 0, 0, 0, 0, 0, 0, 0, 0, 0, 0, 0, 0, 0, 0, 0, 0, 0, 0, 0, 0, 0, 0, 0, 0, 0, 0, 0, 0, 0, 0, 0, 0, 0, 0, 0, 0, 0, 0, 0, 0, 0, 0, 0, 0, 0, 0, 0, 0, 0, 0, 0, 0, 0]","[0, 0, 0, 0, 0, 0, 0, 0, 0, 0, 0, 0, 0, 0, 0, 0, 0, 0, 0, 0, 0, 0, 0, 0, 0, 0, 0, 0, 0, 0, 0, 0, 0, 0, 0, 0, 0, 0, 0, 0, 0, 0, 0, 0, 0, 0, 0, 0, 0, 0, 0, 0, 0, 0, 0, 0, 0, 0, 0, 0, 0, 0, 0, 0, 0, 0]","[0.0002506250748410821, 0.008835875079967082, 0.01776962506119162, 0.0243082920787856, 0.035177916986867785, 0.0419334169710055, 0.05161616706755012, 0.058351167012006044, 0.06878120801411569, 0.07557370804715902, 0.08511362504214048, 0.09172899997793138, 0.10552808304782957, 0.12075845804065466, 0.13006374996621162, 0.13845862506423146, 0.151862750062719, 0.15851279196795076, 0.16832895798143, 0.17504754196852446, 0.18684249999932945, 0.19362408306915313, 0.2010534170549363, 0.2075317919952795, 0.21856058307457715, 0.22534095798619092, 0.23634262499399483, 0.24369037500582635, 0.2510353330289945, 0.25922408304177225, 0.2677332080202177, 0.2741302080685273, 0.2851547080790624, 0.29177645803429186, 0.30211720801889896, 0.3086357080610469, 0.31783412501681596, 0.32477587508037686, 0.33503633306827396, 0.34219283307902515, 0.35339699999894947, 0.3612550830002874, 0.3677218749653548, 0.3741593749728054, 0.38673179200850427, 0.39471795805729926, 0.40124929207377136, 0.4077057499671355, 0.42045237496495247, 0.4284560000523925, 0.4349551670020446, 0.44137229199986905, 0.45353595807682723, 0.4606696249684319, 0.4676759169669822, 0.4746112080756575, 0.4853560420451686, 0.49232858303003013, 0.5013830830575898, 0.5084041670197621, 0.5188482500379905, 0.5257574999704957, 0.5345489169703797, 0.5414134169695899, 0.5521010420052335, 0.5591243749950081]",20.934520624927245,20.949148208663487,20.941417791997083,21.158984042005613,21.939410291961394,21.926500833011232,,,,,,,,274053,2024-04-15_15h03.02.279,pedestal_cursor_ibl,2023.2.3,None,2024-04-15 15h03.11.487997 +0200,
-35,1,0.61439203,-15,0.5,0.2,0.61439203,,,,,0,0,0,0,32.02901158295572,,,,,,,,,,,,,,,32.01601779193152,-0.19999999999999996,0.7,0.5,32.02901158295572,32.64631666697096,32.62656674999744,32.62658979196567,32.64631666697096,32.64631666697096,32.64631666697096,32.64631666697096,0.010625374969094992,32.642550749649914,32.74456983292475,472,632,33.259460250032134,1,0,"[-15.000000000000002, -15.000000000000002, -15.000000000000002, -15.000000000000002, -15.000000000000002, -15.000000000000002, -15.000000000000002, -15.000000000000002, -15.000000000000002, -15.000000000000002, -15.000000000000002, -15.000000000000002, -15.000000000000002, -15.000000000000002, -15.000000000000002, -15.000000000000002, -15.000000000000002, -15.000000000000002, -15.000000000000002, -15.000000000000002, -15.000000000000002, -15.000000000000002, -15.000000000000002, -15.000000000000002, -15.000000000000002, -15.000000000000002, -15.000000000000002, -15.000000000000002, -15.000000000000002, -15.000000000000002, -15.000000000000002, -15.000000000000002, -15.000000000000002, -15.000000000000002, -15.000000000000002, -15.000000000000002, -15.000000000000002, -15.000000000000002, -15.000000000000002, -15.000000000000002, -15.000000000000002, -15.000000000000002, -15.000000000000002, -15.000000000000002, -15.000000000000002, -15.000000000000002, -15.000000000000002, -15.000000000000002, -15.000000000000002, -15.000000000000002, -15.000000000000002, -15.000000000000002, -15.000000000000002, -15.000000000000002, -14.708040455677237, -14.416080911354472, -14.075461442977916, -13.734841974601359, -13.394222506224798, -13.004943113794447, -10.766586607319923, -10.766586607319923, -9.69606827813645, -9.258128961652307, -6.581833138693634, -6.581833138693634, -4.538116328434288, -4.538116328434288, -4.0515170878963485, -3.078318606820469, -1.1805815687225003, -0.20738308764661897, -0.20738308764661897, 1.495714254236169]","[0.0, 0.0, 0.0, 0.0, 0.0, 0.0, 0.0, 0.0, 0.0, 0.0, 0.0, 0.0, 0.0, 0.0, 0.0, 0.0, 0.0, 0.0, 0.0, 0.0, 0.0, 0.0, 0.0, 0.0, 0.0, 0.0, 0.0, 0.0, 0.0, 0.0, 0.0, 0.0, 0.0, 0.0, 0.0, 0.0, 0.0, 0.0, 0.0, 0.0, 0.0, 0.0, 0.0, 0.0, 0.0, 0.0, 0.0, 0.0, 0.0, 0.0, 0.0, 0.0, 0.0, 0.0, 0.29195954432276405, 0.5839190886455281, 0.9245385570220863, 1.265158025398644, 1.6057774937752023, 1.9950568862055544, 4.233413392680078, 4.233413392680078, 5.303931721863547, 5.741871038347694, 8.418166861306364, 8.418166861306364, 10.461883671565712, 10.461883671565712, 10.948482912103652, 11.921681393179531, 13.8194184312775, 14.792616912353381, 14.792616912353381, 16.49571425423617]","[0.0, 0.0, 0.0, 0.0, 0.0, 0.0, 0.0, 0.0, 0.0, 0.0, 0.0, 0.0, 0.0, 0.0, 0.0, 0.0, 0.0, 0.0, 0.0, 0.0, 0.0, 0.0, 0.0, 0.0, 0.0, 0.0, 0.0, 0.0, 0.0, 0.0, 0.0, 0.0, 0.0, 0.0, 0.0, 0.0, 0.0, 0.0, 0.0, 0.0, 0.0, 0.0, 0.0, 0.0, 0.0, 0.0, 0.0, 0.0, 0.0, 0.0, 0.0, 0.0, 0.0, 0.0, 0.0, 0.09731984810758802, 0.19463969621517604, 0.24329962026897006, 0.29195954432276405, 0.3406194683765581, 0.5839190886455281, 0.5839190886455281, 0.632579012699322, 0.632579012699322, 0.7298988608069101, 0.7298988608069101, 0.7298988608069101, 0.7298988608069101, 0.7298988608069101, 0.7298988608069101, 0.8272187089144982, 0.8272187089144982, 0.8272187089144982, 0.8758786329682922]","[0, 0, 0, 0, 0, 0, 0, 0, 0, 0, 0, 0, 0, 0, 0, 0, 0, 0, 0, 0, 0, 0, 0, 0, 0, 0, 0, 0, 0, 0, 0, 0, 0, 0, 0, 0, 0, 0, 0, 0, 0, 0, 0, 0, 0, 0, 0, 0, 0, 0, 0, 0, 0, 0, 0, 0, 0, 0, 0, 0, 0, 0, 0, 0, 0, 0, 0, 0, 0, 0, 0, 0, 0, 0]","[0, 0, 0, 0, 0, 0, 0, 0, 0, 0, 0, 0, 0, 0, 0, 0, 0, 0, 0, 0, 0, 0, 0, 0, 0, 0, 0, 0, 0, 0, 0, 0, 0, 0, 0, 0, 0, 0, 0, 0, 0, 0, 0, 0, 0, 0, 0, 0, 0, 0, 0, 0, 0, 0, 0, 0, 0, 0, 0, 0, 0, 0, 0, 0, 0, 0, 0, 0, 0, 0, 0, 0, 0, 0]","[0, 0, 0, 0, 0, 0, 0, 0, 0, 0, 0, 0, 0, 0, 0, 0, 0, 0, 0, 0, 0, 0, 0, 0, 0, 0, 0, 0, 0, 0, 0, 0, 0, 0, 0, 0, 0, 0, 0, 0, 0, 0, 0, 0, 0, 0, 0, 0, 0, 0, 0, 0, 0, 0, 0, 0, 0, 0, 0, 0, 0, 0, 0, 0, 0, 0, 0, 0, 0, 0, 0, 0, 0, 0]","[0.0002790420548990369, 0.009268208057619631, 0.021304542082361877, 0.028048375039361417, 0.03762854204978794, 0.04427562502678484, 0.0543086250545457, 0.06099500006530434, 0.07129554206039757, 0.07794379198458046, 0.08726133301388472, 0.09551054204348475, 0.10738416702952236, 0.12124524998944253, 0.12785529205575585, 0.13805666705593467, 0.14644654199946672, 0.15379133296664804, 0.16024866700172424, 0.17347745806910098, 0.1807659580372274, 0.18724212504457682, 0.1937097500776872, 0.204464792041108, 0.21145991701632738, 0.22317620797548443, 0.23015216703061014, 0.2377923330059275, 0.2445641669910401, 0.25468112505041063, 0.261353624984622, 0.27050662506371737, 0.27722633304074407, 0.2899914999725297, 0.29861329204868525, 0.3056179580744356, 0.31202337506692857, 0.32285841705743223, 0.3306774579687044, 0.33719041699077934, 0.3436464170226827, 0.35655258304905146, 0.3643197499914095, 0.3709739170735702, 0.37742625002283603, 0.3901142500108108, 0.397731416975148, 0.4042547079734504, 0.4109562080120668, 0.42337870807386935, 0.43145004205871373, 0.43980695807840675, 0.447558542015031, 0.4546012500068173, 0.4615211250493303, 0.4715561249759048, 0.4786469580139965, 0.4881410830421373, 0.4950798749923706, 0.5049005419714376, 0.5120633330661803, 0.5208731669699773, 0.5282309170579538, 0.5379574580583721, 0.5452718749875203, 0.554810042027384, 0.5613855000119656, 0.5711387919727713, 0.5779976670164615, 0.5882244170643389, 0.5951513330219314, 0.6039906250080094, 0.6107623750576749, 0.6212384579703212]",33.26116741693113,33.27521758369791,33.27141170797404,33.47103649994824,34.27382029197179,34.25996229192242,21.926628791959956,21.92665991699323,21.939410291961394,21.939410291961394,32.02901158295572,32.02901158295572,31.926510166958906,274053,2024-04-15_15h03.02.279,pedestal_cursor_ibl,2023.2.3,None,2024-04-15 15h03.11.487997 +0200,
,,,,,,,,,,,,,,,34.27382029197179,,,,,,,,,,,,,,,34.26050062500872,-0.09999999999999998,0.6,0.5,34.27382029197179,34.761166582931764,34.743488666950725,34.743514582980424,34.761166582931764,34.761166582931764,34.761166582931764,34.761166582931764,0.008895459002815187,34.75940583361468,34.85367154201958,,,,,,,,,,,,,,,,,,,,,,,,,,,,,,,,
