biasPoint,contrastDelta,baseContrast,block.thisRepN,block.thisTrialN,block.thisN,block.thisIndex,trials.thisRepN,trials.thisTrialN,trials.thisN,trials.thisIndex,thisRow.t,notes,set_bias_condition.started,bias_file,bias_yn,set_bias_condition.stopped,fix.started,iti,signed_contrast,eccentricity,fix.stopped,trial.started,mouse.started,reaction_time,response_time,trial.stopped,correct,timeout,mouse.x,mouse.y,mouse.leftButton,mouse.midButton,mouse.rightButton,mouse.time,feedback.started,fdbck.started,fdbck.stopped,feedback.stopped,participant,session,date,expName,psychopyVersion,frameRate,expStart,
0.5,0.02,0.5,0,0,0,0,0,0,0,1,0.04670741700101644,,0.013974459026940167,nobias_block.xlsx,0,0.014502375037409365,0.02971591701498255,1.1613122858931508,-0.020000000000000018,-0.4,1.1915190840372816,1.1915510420221835,0.02405995799927041,1396,1701,2.8933034589863382,1,n,"[0.0, 0.0, 0.0, 0.0, 0.0, 0.0, 0.0, 0.0, 0.0, 0.0, 0.0, 0.0, 0.0, 0.0, 0.0, 0.0, 0.0, 0.0, 0.0, 0.0, 0.0, 0.0, 0.0, 0.0, 0.0, 0.0, 0.0, 0.0, 0.0, 0.0, 0.0, 0.0, 0.0, 0.0, 0.0, 0.0, 0.0, 0.0, 0.0, 0.0, 0.0, 0.0, 0.0, 0.0, 0.0, 0.0, 0.0, 0.0, 0.0, 0.0, 0.0, 0.0, 0.0, 0.0, 0.0, 0.0, 0.0, 0.0, 0.0, 0.0, 0.0, 0.0, 0.0, 0.0, 0.0, 0.0, 0.0, 0.0, 0.0, 0.0, 0.0, 0.0, 0.0, 0.0, 0.0, 0.0, 0.0, 0.0, 0.0, 0.0, 0.0, 0.0, 0.0, 0.0, 0.0, 0.0, 0.0, 0.0, 0.0, 0.0, 0.0, 0.0, 0.0, 0.0, 0.0, 0.0, 0.0, 0.0, 0.0, 0.0, 0.0, 0.0, 0.0, 0.0, 0.0, 0.0, 0.0, 0.0, 0.0, 0.0, 0.0, 0.0, 0.0, 0.0, 0.0, 0.0, 0.0, 0.0, 0.0, 0.0, 0.0, 0.0, 0.0, 0.0, 0.0, 0.0, 0.0, 0.0, 0.0, 0.0, 0.0, 0.0, 0.0, 0.0, 0.0, 0.0, 0.0, 0.0, 0.0, 0.0, 0.0, 0.0, 0.0, 0.0, 0.0, 0.0, 0.0, 0.0, 0.0, 0.0, 0.0, 0.0, 0.0, 0.0, 0.0, 0.0, 0.0, 0.0, 0.0, 0.0, 0.0, 0.0, 0.0, 0.0022222222222222222, 0.006666666666666667, 0.021111111111111112, 0.03111111111111111, 0.04111111111111111, 0.05444444444444444, 0.06888888888888889, 0.08555555555555555, 0.10444444444444445, 0.12111111111111111, 0.13666666666666666, 0.15333333333333332, 0.16777777777777778, 0.18444444444444444, 0.19777777777777777, 0.21, 0.22111111111111112, 0.2311111111111111, 0.2411111111111111, 0.2511111111111111, 0.26, 0.27, 0.2822222222222222, 0.29333333333333333, 0.30333333333333334, 0.31555555555555553, 0.32666666666666666, 0.3388888888888889, 0.3488888888888889, 0.36, 0.37222222222222223, 0.37666666666666665, 0.3844444444444444, 0.39111111111111113, 0.39555555555555555, 0.3988888888888889, 0.4033333333333333]","[0.0, 0.0, 0.0, 0.0, 0.0, 0.0, 0.0, 0.0, 0.0, 0.0, 0.0, 0.0, 0.0, 0.0, 0.0, 0.0, 0.0, 0.0, 0.0, 0.0, 0.0, 0.0, 0.0, 0.0, 0.0, 0.0, 0.0, 0.0, 0.0, 0.0, 0.0, 0.0, 0.0, 0.0, 0.0, 0.0, 0.0, 0.0, 0.0, 0.0, 0.0, 0.0, 0.0, 0.0, 0.0, 0.0, 0.0, 0.0, 0.0, 0.0, 0.0, 0.0, 0.0, 0.0, 0.0, 0.0, 0.0, 0.0, 0.0, 0.0, 0.0, 0.0, 0.0, 0.0, 0.0, 0.0, 0.0, 0.0, 0.0, 0.0, 0.0, 0.0, 0.0, 0.0, 0.0, 0.0, 0.0, 0.0, 0.0, 0.0, 0.0, 0.0, 0.0, 0.0, 0.0, 0.0, 0.0, 0.0, 0.0, 0.0, 0.0, 0.0, 0.0, 0.0, 0.0, 0.0, 0.0, 0.0, 0.0, 0.0, 0.0, 0.0, 0.0, 0.0, 0.0, 0.0, 0.0, 0.0, 0.0, 0.0, 0.0, 0.0, 0.0, 0.0, 0.0, 0.0, 0.0, 0.0, 0.0, 0.0, 0.0, 0.0, 0.0, 0.0, 0.0, 0.0, 0.0, 0.0, 0.0, 0.0, 0.0, 0.0, 0.0, 0.0, 0.0, 0.0, 0.0, 0.0, 0.0, 0.0, 0.0, 0.0, 0.0, 0.0, 0.0, 0.0, 0.0, 0.0, 0.0, 0.0, 0.0, 0.0, 0.0, 0.0, 0.0, 0.0, 0.0, 0.0, 0.0, 0.0, 0.0, 0.0, 0.0, 0.0, 0.0, 0.0, 0.0, -0.0011111111111111111, -0.0011111111111111111, -0.0033333333333333335, -0.0033333333333333335, -0.0033333333333333335, -0.0044444444444444444, -0.005555555555555556, -0.005555555555555556, -0.006666666666666667, -0.006666666666666667, -0.0077777777777777776, -0.008888888888888889, -0.01, -0.011111111111111112, -0.012222222222222223, -0.013333333333333334, -0.014444444444444444, -0.015555555555555555, -0.017777777777777778, -0.021111111111111112, -0.023333333333333334, -0.025555555555555557, -0.028888888888888888, -0.03222222222222222, -0.035555555555555556, -0.03777777777777778, -0.04111111111111111, -0.043333333333333335, -0.044444444444444446, -0.04666666666666667, -0.04777777777777778, -0.04888888888888889, -0.05]","[0, 0, 0, 0, 0, 0, 0, 0, 0, 0, 0, 0, 0, 0, 0, 0, 0, 0, 0, 0, 0, 0, 0, 0, 0, 0, 0, 0, 0, 0, 0, 0, 0, 0, 0, 0, 0, 0, 0, 0, 0, 0, 0, 0, 0, 0, 0, 0, 0, 0, 0, 0, 0, 0, 0, 0, 0, 0, 0, 0, 0, 0, 0, 0, 0, 0, 0, 0, 0, 0, 0, 0, 0, 0, 0, 0, 0, 0, 0, 0, 0, 0, 0, 0, 0, 0, 0, 0, 0, 0, 0, 0, 0, 0, 0, 0, 0, 0, 0, 0, 0, 0, 0, 0, 0, 0, 0, 0, 0, 0, 0, 0, 0, 0, 0, 0, 0, 0, 0, 0, 0, 0, 0, 0, 0, 0, 0, 0, 0, 0, 0, 0, 0, 0, 0, 0, 0, 0, 0, 0, 0, 0, 0, 0, 0, 0, 0, 0, 0, 0, 0, 0, 0, 0, 0, 0, 0, 0, 0, 0, 0, 0, 0, 0, 0, 0, 0, 0, 0, 0, 0, 0, 0, 0, 0, 0, 0, 0, 0, 0, 0, 0, 0, 0, 0, 0, 0, 0, 0, 0, 0, 0, 0, 0, 0, 0, 0, 0, 0, 0]","[0, 0, 0, 0, 0, 0, 0, 0, 0, 0, 0, 0, 0, 0, 0, 0, 0, 0, 0, 0, 0, 0, 0, 0, 0, 0, 0, 0, 0, 0, 0, 0, 0, 0, 0, 0, 0, 0, 0, 0, 0, 0, 0, 0, 0, 0, 0, 0, 0, 0, 0, 0, 0, 0, 0, 0, 0, 0, 0, 0, 0, 0, 0, 0, 0, 0, 0, 0, 0, 0, 0, 0, 0, 0, 0, 0, 0, 0, 0, 0, 0, 0, 0, 0, 0, 0, 0, 0, 0, 0, 0, 0, 0, 0, 0, 0, 0, 0, 0, 0, 0, 0, 0, 0, 0, 0, 0, 0, 0, 0, 0, 0, 0, 0, 0, 0, 0, 0, 0, 0, 0, 0, 0, 0, 0, 0, 0, 0, 0, 0, 0, 0, 0, 0, 0, 0, 0, 0, 0, 0, 0, 0, 0, 0, 0, 0, 0, 0, 0, 0, 0, 0, 0, 0, 0, 0, 0, 0, 0, 0, 0, 0, 0, 0, 0, 0, 0, 0, 0, 0, 0, 0, 0, 0, 0, 0, 0, 0, 0, 0, 0, 0, 0, 0, 0, 0, 0, 0, 0, 0, 0, 0, 0, 0, 0, 0, 0, 0, 0, 0]","[0, 0, 0, 0, 0, 0, 0, 0, 0, 0, 0, 0, 0, 0, 0, 0, 0, 0, 0, 0, 0, 0, 0, 0, 0, 0, 0, 0, 0, 0, 0, 0, 0, 0, 0, 0, 0, 0, 0, 0, 0, 0, 0, 0, 0, 0, 0, 0, 0, 0, 0, 0, 0, 0, 0, 0, 0, 0, 0, 0, 0, 0, 0, 0, 0, 0, 0, 0, 0, 0, 0, 0, 0, 0, 0, 0, 0, 0, 0, 0, 0, 0, 0, 0, 0, 0, 0, 0, 0, 0, 0, 0, 0, 0, 0, 0, 0, 0, 0, 0, 0, 0, 0, 0, 0, 0, 0, 0, 0, 0, 0, 0, 0, 0, 0, 0, 0, 0, 0, 0, 0, 0, 0, 0, 0, 0, 0, 0, 0, 0, 0, 0, 0, 0, 0, 0, 0, 0, 0, 0, 0, 0, 0, 0, 0, 0, 0, 0, 0, 0, 0, 0, 0, 0, 0, 0, 0, 0, 0, 0, 0, 0, 0, 0, 0, 0, 0, 0, 0, 0, 0, 0, 0, 0, 0, 0, 0, 0, 0, 0, 0, 0, 0, 0, 0, 0, 0, 0, 0, 0, 0, 0, 0, 0, 0, 0, 0, 0, 0, 0]","[0.0005649999948218465, 0.015241416986100376, 0.02250566700240597, 0.035451208997983485, 0.04281433398136869, 0.05156245897524059, 0.05921412497991696, 0.06819587497739121, 0.07529316697036847, 0.08477879199199378, 0.09202987496973947, 0.10149799997452646, 0.10866141697624698, 0.1182196669979021, 0.1253552499692887, 0.1347510420018807, 0.14187233400298283, 0.15156337496591732, 0.15901775000384077, 0.16809074999764562, 0.17511745897354558, 0.1847370420000516, 0.19209016696549952, 0.20153262495296076, 0.20858504198258743, 0.2180970420013182, 0.22556220897240564, 0.23466162499971688, 0.2416762089706026, 0.25158612499944866, 0.25912737497128546, 0.26824766700156033, 0.2753976249950938, 0.2848591670044698, 0.29179833398666233, 0.30132099997717887, 0.30816420895280316, 0.318414541950915, 0.32538779196329415, 0.33488333399873227, 0.3420891669811681, 0.3511201670044102, 0.3583200419670902, 0.36812999995891005, 0.3752450839965604, 0.3848392500076443, 0.391769083973486, 0.4018646669574082, 0.4092592499800958, 0.4181143339956179, 0.4252270419965498, 0.4348782500019297, 0.44200483395252377, 0.4515066669555381, 0.4586763340048492, 0.4681554589769803, 0.47526754200225696, 0.4848409999976866, 0.4919772919965908, 0.5015056249685585, 0.5087283339817077, 0.5181223749532364, 0.5252534169703722, 0.5347821670002304, 0.541936541965697, 0.5515305839944631, 0.558765958994627, 0.567695333971642, 0.5748124999809079, 0.5852254589553922, 0.5947223340044729, 0.6019080419791862, 0.608642167004291, 0.6181587500032037, 0.6251865839585662, 0.6347413339535706, 0.6423461670055985, 0.6514134999597445, 0.6583088339539245, 0.6684199589653872, 0.6752978339791298, 0.6846402089577168, 0.6914585419581272, 0.7016600419883616, 0.7085549589828588, 0.7179909169790335, 0.7248576669953763, 0.7351762089529075, 0.7419770419946872, 0.7513625840074383, 0.7581742499605753, 0.7684239999507554, 0.7752084999810904, 0.7847473750007339, 0.7915334589779377, 0.8017617499572225, 0.8085367089952342, 0.8179753749864176, 0.8247942499583587, 0.8350932920002379, 0.8421117920079269, 0.8513641669997014, 0.8582044589566067, 0.8683552499860525, 0.8752285419614054, 0.8847483749850653, 0.8914535839576274, 0.9018274999689311, 0.9086184589541517, 0.9182054999982938, 0.9252881249994971, 0.9348442089976743, 0.9418557089520618, 0.9516144589870237, 0.9587168339639902, 0.9682860839529894, 0.9752779589616694, 0.9848436249885708, 0.9920972919790074, 1.0015251669683494, 1.008576666994486, 1.0181811669608578, 1.0251104589551687, 1.0344019999611191, 1.041521874954924, 1.0518572090077214, 1.0591298340004869, 1.0681439589825459, 1.0751937919994816, 1.0846490419935435, 1.091376333963126, 1.1018064169911668, 1.108703334000893, 1.1181548339664005, 1.1255206249770708, 1.1348662090022117, 1.141953083977569, 1.1515117919771, 1.15880237496458, 1.1680802089977078, 1.175132834003307, 1.1845098749618046, 1.19151391700143, 1.2017992499750108, 1.2088846669648774, 1.2182271250057966, 1.2252629589638673, 1.2346457499661483, 1.2414863749872893, 1.2518696669721976, 1.2588682500063442, 1.2676222089794464, 1.2744585839682259, 1.2852035840041935, 1.2919757919735275, 1.3013110419851728, 1.3080937499762513, 1.3177135839941911, 1.3247561249881983, 1.335195458959788, 1.3423048749682494, 1.351500374963507, 1.36351662495872, 1.3715954590006731, 1.3859258749871515, 1.393710459000431, 1.4008018339518458, 1.4080875419895165, 1.41771049995441, 1.425050541991368, 1.4344449589843862, 1.4420241249608807, 1.45100924995495, 1.4583220839849673, 1.4676526249968447, 1.475331499997992, 1.484302916971501, 1.4918662089621648, 1.500988541985862, 1.5088000419782475, 1.5179902089876123, 1.5254039589781314, 1.534334875002969, 1.5419634999707341, 1.551269499992486, 1.5587882089894265, 1.5680158750037663, 1.5752500419621356, 1.5858311670017429, 1.59301529196091, 1.6013335839961655, 1.6085778749547899, 1.6179759999504313, 1.62527224997757, 1.6346402089693584, 1.642472249979619, 1.651384208991658, 1.658645291987341, 1.6684640839812346, 1.6755727919517085]",2.897353959036991,2.90742499998305,3.4132401670212857,3.3925375000108033,777390,001,2024-04-05_15h59.42.239,pedestal_cursor_ibl,2023.2.3,None,2024-04-05 15h59.50.551536 +0200,
0.5,0,0.5,0,0,0,0,0,1,1,15,3.4132401670212857,,,,,,3.3929728750372306,2.301896761618231,0.0,-0.4,5.702903500001412,5.702941083989572,0.018986291019245982,707,822,6.526289500005078,1,n,"[0.0, 0.0, 0.0, 0.0, 0.0, 0.0, 0.0, 0.0, 0.0, 0.0, 0.0, 0.0, 0.0, 0.0, 0.0, 0.0, 0.0, 0.0, 0.0, 0.0, 0.0, 0.0, 0.0, 0.0, 0.0, 0.0, 0.0, 0.0, 0.0, 0.0, 0.0, 0.0, 0.0, 0.0, 0.0, 0.0, 0.0, 0.0, 0.0, 0.0, 0.0, 0.0, 0.0, 0.0, 0.0, 0.0, 0.0, 0.0, 0.0, 0.0, 0.0, 0.0, 0.0, 0.0, 0.0, 0.0, 0.0, 0.0, 0.0, 0.0, 0.0, 0.0, 0.0, 0.0, 0.0, 0.0, 0.0, 0.0, 0.0, 0.0, 0.0, 0.0, 0.0, 0.0, 0.0, 0.0, 0.0, 0.0, 0.0, 0.0, 0.0, 0.0, 0.0, 0.005555555555555556, 0.017777777777777778, 0.028888888888888888, 0.04555555555555556, 0.06888888888888889, 0.09444444444444444, 0.12111111111111111, 0.15222222222222223, 0.19111111111111112, 0.22555555555555556, 0.26222222222222225, 0.3011111111111111, 0.33444444444444443, 0.4011111111111111]","[0.0, 0.0, 0.0, 0.0, 0.0, 0.0, 0.0, 0.0, 0.0, 0.0, 0.0, 0.0, 0.0, 0.0, 0.0, 0.0, 0.0, 0.0, 0.0, 0.0, 0.0, 0.0, 0.0, 0.0, 0.0, 0.0, 0.0, 0.0, 0.0, 0.0, 0.0, 0.0, 0.0, 0.0, 0.0, 0.0, 0.0, 0.0, 0.0, 0.0, 0.0, 0.0, 0.0, 0.0, 0.0, 0.0, 0.0, 0.0, 0.0, 0.0, 0.0, 0.0, 0.0, 0.0, 0.0, 0.0, 0.0, 0.0, 0.0, 0.0, 0.0, 0.0, 0.0, 0.0, 0.0, 0.0, 0.0, 0.0, 0.0, 0.0, 0.0, 0.0, 0.0, 0.0, 0.0, 0.0, 0.0, 0.0, 0.0, 0.0, 0.0, 0.0, -0.0011111111111111111, -0.006666666666666667, -0.017777777777777778, -0.03, -0.044444444444444446, -0.06111111111111111, -0.08222222222222222, -0.1, -0.12, -0.1388888888888889, -0.16, -0.17666666666666667, -0.19555555555555557, -0.2088888888888889, -0.23666666666666666]","[0, 0, 0, 0, 0, 0, 0, 0, 0, 0, 0, 0, 0, 0, 0, 0, 0, 0, 0, 0, 0, 0, 0, 0, 0, 0, 0, 0, 0, 0, 0, 0, 0, 0, 0, 0, 0, 0, 0, 0, 0, 0, 0, 0, 0, 0, 0, 0, 0, 0, 0, 0, 0, 0, 0, 0, 0, 0, 0, 0, 0, 0, 0, 0, 0, 0, 0, 0, 0, 0, 0, 0, 0, 0, 0, 0, 0, 0, 0, 0, 0, 0, 0, 0, 0, 0, 0, 0, 0, 0, 0, 0, 0, 0, 0, 0, 0]","[0, 0, 0, 0, 0, 0, 0, 0, 0, 0, 0, 0, 0, 0, 0, 0, 0, 0, 0, 0, 0, 0, 0, 0, 0, 0, 0, 0, 0, 0, 0, 0, 0, 0, 0, 0, 0, 0, 0, 0, 0, 0, 0, 0, 0, 0, 0, 0, 0, 0, 0, 0, 0, 0, 0, 0, 0, 0, 0, 0, 0, 0, 0, 0, 0, 0, 0, 0, 0, 0, 0, 0, 0, 0, 0, 0, 0, 0, 0, 0, 0, 0, 0, 0, 0, 0, 0, 0, 0, 0, 0, 0, 0, 0, 0, 0, 0]","[0, 0, 0, 0, 0, 0, 0, 0, 0, 0, 0, 0, 0, 0, 0, 0, 0, 0, 0, 0, 0, 0, 0, 0, 0, 0, 0, 0, 0, 0, 0, 0, 0, 0, 0, 0, 0, 0, 0, 0, 0, 0, 0, 0, 0, 0, 0, 0, 0, 0, 0, 0, 0, 0, 0, 0, 0, 0, 0, 0, 0, 0, 0, 0, 0, 0, 0, 0, 0, 0, 0, 0, 0, 0, 0, 0, 0, 0, 0, 0, 0, 0, 0, 0, 0, 0, 0, 0, 0, 0, 0, 0, 0, 0, 0, 0, 0]","[0.0005352910375222564, 0.012826499994844198, 0.0206962910015136, 0.028524041001219302, 0.036173875036183745, 0.04553837503772229, 0.05343545804498717, 0.06237533304374665, 0.07007125002564862, 0.07887166604632512, 0.08658366603776813, 0.0954599580145441, 0.10266666603274643, 0.11213625001255423, 0.11935550003545359, 0.1283449160400778, 0.1354981250478886, 0.14597929100273177, 0.15359116601757705, 0.16213966603390872, 0.16936679102946073, 0.17889691604068503, 0.18601787503575906, 0.19547666603466496, 0.20308100001420826, 0.2122232080437243, 0.2194360410212539, 0.22879100003046915, 0.23596529103815556, 0.24545462505193427, 0.252594375051558, 0.2621308750240132, 0.269258540996816, 0.2787702080095187, 0.285788000037428, 0.2955093750497326, 0.30258120800135657, 0.3120957500068471, 0.31940041604684666, 0.3288344159955159, 0.33595020801294595, 0.3454241660074331, 0.35262558300746605, 0.36179824999999255, 0.3688603750197217, 0.3783569580409676, 0.38549933303147554, 0.39580595801817253, 0.4032531660050154, 0.41223704104777426, 0.4195187910227105, 0.42830362502718344, 0.4355614579981193, 0.44549191603437066, 0.4525395830278285, 0.46217729104682803, 0.46926245803479105, 0.4787583330180496, 0.48596529103815556, 0.4950118330307305, 0.5021770000457764, 0.5124164580483921, 0.5195134580135345, 0.5285965410294011, 0.5356604580301791, 0.5457860000315122, 0.5532525000162423, 0.5617438750341535, 0.5688032080070116, 0.5791613750043325, 0.5861873750109226, 0.5953565830131993, 0.6021513750310987, 0.6124191250419244, 0.6193405410158448, 0.6289032910135575, 0.6359997080289759, 0.6454963750438765, 0.652537458052393, 0.6620428330497816, 0.6692021660273895, 0.6798292500316165, 0.68764383305097, 0.695210833044257, 0.7025160000193864, 0.7119356660405174, 0.7192483330145478, 0.7286435410496779, 0.7359792500501499, 0.7452719160355628, 0.7527627079980448, 0.7619237080216408, 0.7693722500116564, 0.7786799159948714, 0.7859327910118736, 0.7952951250481419, 0.8024923750199378]",6.528290083981119,6.534504375013057,7.040622333995998,7.019149209023453,777390,001,2024-04-05_15h59.42.239,pedestal_cursor_ibl,2023.2.3,None,2024-04-05 15h59.50.551536 +0200,
0.5,0.02,0.5,0,0,0,0,0,2,2,6,7.040622333995998,,,,,,7.019561749999411,1.6346761831116092,0.020000000000000018,0.4,8.669377458980307,8.669409124995582,0.017307457979768515,673,722,9.392477334011346,1,n,"[0.0, 0.0, 0.0, 0.0, 0.0, 0.0, 0.0, 0.0, 0.0, 0.0, 0.0, 0.0, 0.0, 0.0, 0.0, 0.0, 0.0, 0.0, 0.0, 0.0, 0.0, 0.0, 0.0, 0.0, 0.0, 0.0, 0.0, 0.0, 0.0, 0.0, 0.0, 0.0, 0.0, 0.0, 0.0, 0.0, 0.0, 0.0, 0.0, 0.0, 0.0, 0.0, 0.0, 0.0, 0.0, 0.0, 0.0, 0.0, 0.0, 0.0, 0.0, 0.0, 0.0, 0.0, 0.0, 0.0, 0.0, 0.0, 0.0, 0.0, 0.0, 0.0, 0.0, 0.0, 0.0, 0.0, 0.0, 0.0, 0.0, 0.0, 0.0, 0.0, 0.0, 0.0, 0.0, 0.0, 0.0, 0.0, -0.0022222222222222222, -0.014444444444444444, -0.03888888888888889, -0.03888888888888889, -0.1388888888888889, -0.32, -0.48333333333333334]","[0.0, 0.0, 0.0, 0.0, 0.0, 0.0, 0.0, 0.0, 0.0, 0.0, 0.0, 0.0, 0.0, 0.0, 0.0, 0.0, 0.0, 0.0, 0.0, 0.0, 0.0, 0.0, 0.0, 0.0, 0.0, 0.0, 0.0, 0.0, 0.0, 0.0, 0.0, 0.0, 0.0, 0.0, 0.0, 0.0, 0.0, 0.0, 0.0, 0.0, 0.0, 0.0, 0.0, 0.0, 0.0, 0.0, 0.0, 0.0, 0.0, 0.0, 0.0, 0.0, 0.0, 0.0, 0.0, 0.0, 0.0, 0.0, 0.0, 0.0, 0.0, 0.0, 0.0, 0.0, 0.0, 0.0, 0.0, 0.0, 0.0, 0.0, 0.0, 0.0, 0.0, 0.0, 0.0, 0.0, 0.0, 0.0, -0.0022222222222222222, -0.014444444444444444, -0.03666666666666667, -0.03666666666666667, -0.13444444444444445, -0.3111111111111111, -0.47]","[0, 0, 0, 0, 0, 0, 0, 0, 0, 0, 0, 0, 0, 0, 0, 0, 0, 0, 0, 0, 0, 0, 0, 0, 0, 0, 0, 0, 0, 0, 0, 0, 0, 0, 0, 0, 0, 0, 0, 0, 0, 0, 0, 0, 0, 0, 0, 0, 0, 0, 0, 0, 0, 0, 0, 0, 0, 0, 0, 0, 0, 0, 0, 0, 0, 0, 0, 0, 0, 0, 0, 0, 0, 0, 0, 0, 0, 0, 0, 0, 0, 0, 0, 0, 0]","[0, 0, 0, 0, 0, 0, 0, 0, 0, 0, 0, 0, 0, 0, 0, 0, 0, 0, 0, 0, 0, 0, 0, 0, 0, 0, 0, 0, 0, 0, 0, 0, 0, 0, 0, 0, 0, 0, 0, 0, 0, 0, 0, 0, 0, 0, 0, 0, 0, 0, 0, 0, 0, 0, 0, 0, 0, 0, 0, 0, 0, 0, 0, 0, 0, 0, 0, 0, 0, 0, 0, 0, 0, 0, 0, 0, 0, 0, 0, 0, 0, 0, 0, 0, 0]","[0, 0, 0, 0, 0, 0, 0, 0, 0, 0, 0, 0, 0, 0, 0, 0, 0, 0, 0, 0, 0, 0, 0, 0, 0, 0, 0, 0, 0, 0, 0, 0, 0, 0, 0, 0, 0, 0, 0, 0, 0, 0, 0, 0, 0, 0, 0, 0, 0, 0, 0, 0, 0, 0, 0, 0, 0, 0, 0, 0, 0, 0, 0, 0, 0, 0, 0, 0, 0, 0, 0, 0, 0, 0, 0, 0, 0, 0, 0, 0, 0, 0, 0, 0, 0]","[0.0005044169956818223, 0.011883333965670317, 0.01971249998314306, 0.03140112495748326, 0.03924233396537602, 0.046928249998018146, 0.05451991700101644, 0.06434166699182242, 0.07213329197838902, 0.08095270895864815, 0.08874566695885733, 0.0976247499929741, 0.10526337497867644, 0.11433191696414724, 0.12208487500902265, 0.1308973339619115, 0.13858941697981209, 0.14759274997049943, 0.15476604196010157, 0.16417549998732284, 0.17121491697616875, 0.1810797500074841, 0.18843262497102842, 0.197486916964408, 0.20450354198692366, 0.2141147920046933, 0.2210359589662403, 0.23085562500637025, 0.23788045899709687, 0.24747041700175032, 0.2546257089707069, 0.26362225000048056, 0.27077437500702217, 0.2812747089774348, 0.2883501669857651, 0.29757362499367446, 0.30456174997380003, 0.3140687919803895, 0.32119804195826873, 0.3303419589647092, 0.33704112499253824, 0.34773275000043213, 0.3544403749983758, 0.3644425419624895, 0.3711920419591479, 0.3808024169993587, 0.3876865420024842, 0.39779658400220796, 0.4045960420044139, 0.4141189589863643, 0.4211297919973731, 0.430796583998017, 0.4378732089535333, 0.44745287497062236, 0.454463958973065, 0.4640839999774471, 0.47118095896439627, 0.4808063749806024, 0.4876562089775689, 0.49738283397164196, 0.5043482499895617, 0.514393666991964, 0.5211098750005476, 0.5312362499535084, 0.5383911249809898, 0.5474280419875868, 0.5544961669947952, 0.5641237499658018, 0.5711304169963114, 0.5809226249693893, 0.5884029589942656, 0.5975071249995381, 0.6044753749738447, 0.6141181669663638, 0.6211705839959905, 0.6307678339653648, 0.6377717919531278, 0.6474409999791533, 0.6554309169878252, 0.6638714589644223, 0.6713188749854453, 0.6807501669973135, 0.6880772089934908, 0.6970256249769591, 0.7042828749981709]",9.394190500024706,9.40109029202722,9.906194916984532,9.885799916984979,777390,001,2024-04-05_15h59.42.239,pedestal_cursor_ibl,2023.2.3,None,2024-04-05 15h59.50.551536 +0200,
0.5,0.05,0.5,0,0,0,0,0,3,3,22,9.906194916984532,,,,,,9.886210791999474,1.2763467736975471,-0.050000000000000044,-0.4,11.169455250026658,11.169481999997515,0.017444083001464605,515,539,11.709967917005997,1,n,"[0.0, 0.0, 0.0, 0.0, 0.0, 0.0, 0.0, 0.0, 0.0, 0.0, 0.0, 0.0, 0.0, 0.0, 0.0, 0.0, 0.0, 0.0, 0.0, 0.0, 0.0, 0.0, 0.0, 0.0, 0.0, 0.0, 0.0, 0.0, 0.0, 0.0, 0.0, 0.0, 0.0, 0.0, 0.0, 0.0, 0.0, 0.0, 0.0, 0.0, 0.0, 0.0, 0.0, 0.0, 0.0, 0.0, 0.0, 0.0, 0.0, 0.0, 0.0, 0.0, 0.0, 0.0, 0.0, 0.0, 0.0, 0.0, 0.0, 0.0044444444444444444, 0.29444444444444445, 0.29444444444444445, 0.5333333333333333]","[0.0, 0.0, 0.0, 0.0, 0.0, 0.0, 0.0, 0.0, 0.0, 0.0, 0.0, 0.0, 0.0, 0.0, 0.0, 0.0, 0.0, 0.0, 0.0, 0.0, 0.0, 0.0, 0.0, 0.0, 0.0, 0.0, 0.0, 0.0, 0.0, 0.0, 0.0, 0.0, 0.0, 0.0, 0.0, 0.0, 0.0, 0.0, 0.0, 0.0, 0.0, 0.0, 0.0, 0.0, 0.0, 0.0, 0.0, 0.0, 0.0, 0.0, 0.0, 0.0, 0.0, 0.0, 0.0, 0.0, 0.0, 0.0, 0.0, 0.0, -0.07111111111111111, -0.07111111111111111, -0.12555555555555556]","[0, 0, 0, 0, 0, 0, 0, 0, 0, 0, 0, 0, 0, 0, 0, 0, 0, 0, 0, 0, 0, 0, 0, 0, 0, 0, 0, 0, 0, 0, 0, 0, 0, 0, 0, 0, 0, 0, 0, 0, 0, 0, 0, 0, 0, 0, 0, 0, 0, 0, 0, 0, 0, 0, 0, 0, 0, 0, 0, 0, 0, 0, 0]","[0, 0, 0, 0, 0, 0, 0, 0, 0, 0, 0, 0, 0, 0, 0, 0, 0, 0, 0, 0, 0, 0, 0, 0, 0, 0, 0, 0, 0, 0, 0, 0, 0, 0, 0, 0, 0, 0, 0, 0, 0, 0, 0, 0, 0, 0, 0, 0, 0, 0, 0, 0, 0, 0, 0, 0, 0, 0, 0, 0, 0, 0, 0]","[0, 0, 0, 0, 0, 0, 0, 0, 0, 0, 0, 0, 0, 0, 0, 0, 0, 0, 0, 0, 0, 0, 0, 0, 0, 0, 0, 0, 0, 0, 0, 0, 0, 0, 0, 0, 0, 0, 0, 0, 0, 0, 0, 0, 0, 0, 0, 0, 0, 0, 0, 0, 0, 0, 0, 0, 0, 0, 0, 0, 0, 0, 0]","[0.0005023329867981374, 0.012066500028595328, 0.019997292023617774, 0.031119792023673654, 0.039097625005524606, 0.04673250002088025, 0.05428137502167374, 0.0640322079998441, 0.07179429201642051, 0.08051200001500547, 0.08814529201481491, 0.09675650001736358, 0.10405866702785715, 0.11378841701662168, 0.12131462502293289, 0.13049700000556186, 0.13763058301992714, 0.14718604198424146, 0.15444725000998005, 0.16393450001487508, 0.1710985000245273, 0.18053479201626033, 0.18762920802691951, 0.19717520801350474, 0.20434724999358878, 0.21384341700468212, 0.22098958300193772, 0.2305636249948293, 0.2380305000115186, 0.247134167002514, 0.25429112499114126, 0.2639567920123227, 0.2710837919730693, 0.2801637080265209, 0.28730458300560713, 0.2969482920016162, 0.3042753749759868, 0.31351133302086964, 0.3206261250306852, 0.330226166988723, 0.33779174997471273, 0.3468115829746239, 0.35417016700375825, 0.3635040830122307, 0.37096016702707857, 0.380334582994692, 0.3873648750013672, 0.3967120830202475, 0.40373129199724644, 0.4140333330142312, 0.4208422080264427, 0.4304121669847518, 0.4373862919746898, 0.4471009169938043, 0.4543000829871744, 0.46385520801413804, 0.47092108300421387, 0.4804458750295453, 0.4882576669915579, 0.49724037502892315, 0.5046004999894649, 0.5141710420139134, 0.5212472919956781]",11.711396625032648,11.717546458996367,12.223530291987117,12.202242208993994,777390,001,2024-04-05_15h59.42.239,pedestal_cursor_ibl,2023.2.3,None,2024-04-05 15h59.50.551536 +0200,
0.5,0.2,0.5,0,0,0,0,0,4,4,14,12.223530291987117,,,,,,12.202654084016103,1.5939645514742766,0.19999999999999996,0.4,13.802772500028368,13.80280045903055,0.018620832997839898,332,365,14.168929084029514,1,n,"[0.0, 0.0, 0.0, 0.0, 0.0, 0.0, 0.0, 0.0, 0.0, 0.0, 0.0, 0.0, 0.0, 0.0, 0.0, 0.0, 0.0, 0.0, 0.0, 0.0, 0.0, 0.0, 0.0, 0.0, 0.0, 0.0, 0.0, 0.0, 0.0, 0.0, 0.0, 0.0, 0.0, 0.0, 0.0, 0.0, 0.0, -0.01, -0.07333333333333333, -0.18444444444444444, -0.30444444444444446, -0.48333333333333334]","[0.0, 0.0, 0.0, 0.0, 0.0, 0.0, 0.0, 0.0, 0.0, 0.0, 0.0, 0.0, 0.0, 0.0, 0.0, 0.0, 0.0, 0.0, 0.0, 0.0, 0.0, 0.0, 0.0, 0.0, 0.0, 0.0, 0.0, 0.0, 0.0, 0.0, 0.0, 0.0, 0.0, 0.0, 0.0, 0.0, 0.0, -0.0011111111111111111, -0.02, -0.05333333333333334, -0.08222222222222222, -0.13444444444444445]","[0, 0, 0, 0, 0, 0, 0, 0, 0, 0, 0, 0, 0, 0, 0, 0, 0, 0, 0, 0, 0, 0, 0, 0, 0, 0, 0, 0, 0, 0, 0, 0, 0, 0, 0, 0, 0, 0, 0, 0, 0, 0]","[0, 0, 0, 0, 0, 0, 0, 0, 0, 0, 0, 0, 0, 0, 0, 0, 0, 0, 0, 0, 0, 0, 0, 0, 0, 0, 0, 0, 0, 0, 0, 0, 0, 0, 0, 0, 0, 0, 0, 0, 0, 0]","[0, 0, 0, 0, 0, 0, 0, 0, 0, 0, 0, 0, 0, 0, 0, 0, 0, 0, 0, 0, 0, 0, 0, 0, 0, 0, 0, 0, 0, 0, 0, 0, 0, 0, 0, 0, 0, 0, 0, 0, 0, 0]","[0.0005041249678470194, 0.012409665971063077, 0.020238415978383273, 0.02923641598317772, 0.03677825001068413, 0.04649016598705202, 0.05435204098466784, 0.06282345799263567, 0.06990966596640646, 0.07943570800125599, 0.08645366597920656, 0.09612645796732977, 0.10317391599528491, 0.11276370799168944, 0.11983841599430889, 0.12949483300326392, 0.13657029101159424, 0.14616408298024908, 0.15325145795941353, 0.16279124998254701, 0.16986566595733166, 0.17947458301205188, 0.18642674997681752, 0.196098540967796, 0.20314112497726455, 0.2127675410010852, 0.21981779095949605, 0.22941983299097046, 0.23650483298115432, 0.2460930829984136, 0.25313258299138397, 0.2628132500103675, 0.26980374997947365, 0.279397375008557, 0.28641466598492116, 0.2960905410000123, 0.3031373329577036, 0.3124972080113366, 0.31996283296030015, 0.32909725001081824, 0.33654362498782575, 0.3457292499952018]",14.16997133399127,14.176069334032945,14.692718084028456,14.66899525001645,777390,001,2024-04-05_15h59.42.239,pedestal_cursor_ibl,2023.2.3,None,2024-04-05 15h59.50.551536 +0200,
0.5,0.05,0.5,0,0,0,0,0,5,5,2,14.692718084028456,,,,,,14.669385500019416,2.4414849592075276,0.050000000000000044,0.4,17.119442166993394,17.119473042024765,0.018096124986186624,623,655,17.776023167010862,1,n,"[0.0, 0.0, 0.0, 0.0, 0.0, 0.0, 0.0, 0.0, 0.0, 0.0, 0.0, 0.0, 0.0, 0.0, 0.0, 0.0, 0.0, 0.0, 0.0, 0.0, 0.0, 0.0, 0.0, 0.0, 0.0, 0.0, 0.0, 0.0, 0.0, 0.0, 0.0, 0.0, 0.0, 0.0, 0.0, 0.0, 0.0, 0.0, 0.0, 0.0, 0.0, 0.0, 0.0, 0.0, 0.0, 0.0, 0.0, 0.0, 0.0, 0.0, 0.0, 0.0, 0.0, 0.0, 0.0, 0.0, 0.0, 0.0, 0.0, 0.0, 0.0, 0.0, 0.0, 0.0, 0.0, 0.0, 0.0, 0.0, 0.0, 0.0, 0.0, 0.0, -0.0022222222222222222, -0.025555555555555557, -0.1111111111111111, -0.2577777777777778, -0.6011111111111112]","[0.0, 0.0, 0.0, 0.0, 0.0, 0.0, 0.0, 0.0, 0.0, 0.0, 0.0, 0.0, 0.0, 0.0, 0.0, 0.0, 0.0, 0.0, 0.0, 0.0, 0.0, 0.0, 0.0, 0.0, 0.0, 0.0, 0.0, 0.0, 0.0, 0.0, 0.0, 0.0, 0.0, 0.0, 0.0, 0.0, 0.0, 0.0, 0.0, 0.0, 0.0, 0.0, 0.0, 0.0, 0.0, 0.0, 0.0, 0.0, 0.0, 0.0, 0.0, 0.0, 0.0, 0.0, 0.0, 0.0, 0.0, 0.0, 0.0, 0.0, 0.0, 0.0, 0.0, 0.0, 0.0, 0.0, 0.0, 0.0, 0.0, 0.0, 0.0, 0.0, -0.0011111111111111111, -0.023333333333333334, -0.11222222222222222, -0.2722222222222222, -0.5]","[0, 0, 0, 0, 0, 0, 0, 0, 0, 0, 0, 0, 0, 0, 0, 0, 0, 0, 0, 0, 0, 0, 0, 0, 0, 0, 0, 0, 0, 0, 0, 0, 0, 0, 0, 0, 0, 0, 0, 0, 0, 0, 0, 0, 0, 0, 0, 0, 0, 0, 0, 0, 0, 0, 0, 0, 0, 0, 0, 0, 0, 0, 0, 0, 0, 0, 0, 0, 0, 0, 0, 0, 0, 0, 0, 0, 0]","[0, 0, 0, 0, 0, 0, 0, 0, 0, 0, 0, 0, 0, 0, 0, 0, 0, 0, 0, 0, 0, 0, 0, 0, 0, 0, 0, 0, 0, 0, 0, 0, 0, 0, 0, 0, 0, 0, 0, 0, 0, 0, 0, 0, 0, 0, 0, 0, 0, 0, 0, 0, 0, 0, 0, 0, 0, 0, 0, 0, 0, 0, 0, 0, 0, 0, 0, 0, 0, 0, 0, 0, 0, 0, 0, 0, 0]","[0, 0, 0, 0, 0, 0, 0, 0, 0, 0, 0, 0, 0, 0, 0, 0, 0, 0, 0, 0, 0, 0, 0, 0, 0, 0, 0, 0, 0, 0, 0, 0, 0, 0, 0, 0, 0, 0, 0, 0, 0, 0, 0, 0, 0, 0, 0, 0, 0, 0, 0, 0, 0, 0, 0, 0, 0, 0, 0, 0, 0, 0, 0, 0, 0, 0, 0, 0, 0, 0, 0, 0, 0, 0, 0, 0, 0]","[0.0005239589954726398, 0.012135124998167157, 0.020148749987129122, 0.029698625032324344, 0.037344584008678794, 0.046827166981529444, 0.05456424999283627, 0.06346441700588912, 0.07094895903719589, 0.08001858403440565, 0.08741183398524299, 0.0966871670098044, 0.10372683400055394, 0.11337462498340756, 0.12044429202796891, 0.13004091702168807, 0.13759912503883243, 0.14666466700145975, 0.15369079203810543, 0.16322724998462945, 0.17033416702179238, 0.18002100003650412, 0.18709004198899493, 0.1966687089879997, 0.2037491250084713, 0.21334474999457598, 0.22042208403581753, 0.23001029202714562, 0.23703745903912932, 0.24616358400089666, 0.25315495900576934, 0.2636987500009127, 0.2707795000169426, 0.2800050840014592, 0.28765616699820384, 0.2968472089851275, 0.3041492920019664, 0.31281995901372284, 0.31985004199668765, 0.33040545898256823, 0.33751341700553894, 0.3466859170002863, 0.3537229170324281, 0.3633883750298992, 0.3705136250355281, 0.37997966702096164, 0.3869841250125319, 0.3966890000156127, 0.4039420420303941, 0.4129158750292845, 0.4199994590017013, 0.4304132499964908, 0.43754554202314466, 0.44669933401746675, 0.45380841701989993, 0.46336183400126174, 0.4704149169847369, 0.47989975003292784, 0.48681249999208376, 0.4969496250269003, 0.503958833985962, 0.5132767499890178, 0.52027708402602, 0.5299200000008568, 0.5368945000227541, 0.5460917500313371, 0.5529232920380309, 0.563647500006482, 0.5703814590233378, 0.5799128339858726, 0.586624292016495, 0.5970310840057209, 0.6048337499960326, 0.6130419590044767, 0.6204727499862202, 0.6295847499859519, 0.6369247090187855]",17.777618125022855,17.783956750005018,18.291372334002517,18.269111583998892,777390,001,2024-04-05_15h59.42.239,pedestal_cursor_ibl,2023.2.3,None,2024-04-05 15h59.50.551536 +0200,
0.5,0.05,0.5,0,0,0,0,0,6,6,12,18.291372334002517,,,,,,18.269623542029876,2.7049618596084692,0.050000000000000044,0.4,20.986411250021774,20.986447250004858,0.018334624997805804,1048,1065,22.05236758402316,1,n,"[0.0, 0.0, 0.0, 0.0, 0.0, 0.0, 0.0, 0.0, 0.0, 0.0, 0.0, 0.0, 0.0, 0.0, 0.0, 0.0, 0.0, 0.0, 0.0, 0.0, 0.0, 0.0, 0.0, 0.0, 0.0, 0.0, 0.0, 0.0, 0.0, 0.0, 0.0, 0.0, 0.0, 0.0, 0.0, 0.0, 0.0, 0.0, 0.0, 0.0, 0.0, 0.0, 0.0, 0.0, 0.0, 0.0, 0.0, 0.0, 0.0, 0.0, 0.0, 0.0, 0.0, 0.0, 0.0, 0.0, 0.0, 0.0, 0.0, 0.0, 0.0, 0.0, 0.0, 0.0, 0.0, 0.0, 0.0, 0.0, 0.0, 0.0, 0.0, 0.0, 0.0, 0.0, 0.0, 0.0, 0.0, 0.0, 0.0, 0.0, 0.0, 0.0, 0.0, 0.0, 0.0, 0.0, 0.0, 0.0, 0.0, 0.0, 0.0, 0.0, 0.0, 0.0, 0.0, 0.0, 0.0, 0.0, 0.0, 0.0, 0.0, 0.0, 0.0, 0.0, 0.0, 0.0, 0.0, 0.0, 0.0, 0.0, 0.0, 0.0, 0.0, 0.0, 0.0, 0.0, 0.0, 0.0, 0.0, 0.0, 0.0, 0.0, 0.0, -0.18333333333333332, -0.18333333333333332, -0.41888888888888887]","[0.0, 0.0, 0.0, 0.0, 0.0, 0.0, 0.0, 0.0, 0.0, 0.0, 0.0, 0.0, 0.0, 0.0, 0.0, 0.0, 0.0, 0.0, 0.0, 0.0, 0.0, 0.0, 0.0, 0.0, 0.0, 0.0, 0.0, 0.0, 0.0, 0.0, 0.0, 0.0, 0.0, 0.0, 0.0, 0.0, 0.0, 0.0, 0.0, 0.0, 0.0, 0.0, 0.0, 0.0, 0.0, 0.0, 0.0, 0.0, 0.0, 0.0, 0.0, 0.0, 0.0, 0.0, 0.0, 0.0, 0.0, 0.0, 0.0, 0.0, 0.0, 0.0, 0.0, 0.0, 0.0, 0.0, 0.0, 0.0, 0.0, 0.0, 0.0, 0.0, 0.0, 0.0, 0.0, 0.0, 0.0, 0.0, 0.0, 0.0, 0.0, 0.0, 0.0, 0.0, 0.0, 0.0, 0.0, 0.0, 0.0, 0.0, 0.0, 0.0, 0.0, 0.0, 0.0, 0.0, 0.0, 0.0, 0.0, 0.0, 0.0, 0.0, 0.0, 0.0, 0.0, 0.0, 0.0, 0.0, 0.0, 0.0, 0.0, 0.0, 0.0, 0.0, 0.0, 0.0, 0.0, 0.0, 0.0, 0.0, 0.0, 0.0, 0.0, -0.04555555555555556, -0.04555555555555556, -0.07888888888888888]","[0, 0, 0, 0, 0, 0, 0, 0, 0, 0, 0, 0, 0, 0, 0, 0, 0, 0, 0, 0, 0, 0, 0, 0, 0, 0, 0, 0, 0, 0, 0, 0, 0, 0, 0, 0, 0, 0, 0, 0, 0, 0, 0, 0, 0, 0, 0, 0, 0, 0, 0, 0, 0, 0, 0, 0, 0, 0, 0, 0, 0, 0, 0, 0, 0, 0, 0, 0, 0, 0, 0, 0, 0, 0, 0, 0, 0, 0, 0, 0, 0, 0, 0, 0, 0, 0, 0, 0, 0, 0, 0, 0, 0, 0, 0, 0, 0, 0, 0, 0, 0, 0, 0, 0, 0, 0, 0, 0, 0, 0, 0, 0, 0, 0, 0, 0, 0, 0, 0, 0, 0, 0, 0, 0, 0, 0]","[0, 0, 0, 0, 0, 0, 0, 0, 0, 0, 0, 0, 0, 0, 0, 0, 0, 0, 0, 0, 0, 0, 0, 0, 0, 0, 0, 0, 0, 0, 0, 0, 0, 0, 0, 0, 0, 0, 0, 0, 0, 0, 0, 0, 0, 0, 0, 0, 0, 0, 0, 0, 0, 0, 0, 0, 0, 0, 0, 0, 0, 0, 0, 0, 0, 0, 0, 0, 0, 0, 0, 0, 0, 0, 0, 0, 0, 0, 0, 0, 0, 0, 0, 0, 0, 0, 0, 0, 0, 0, 0, 0, 0, 0, 0, 0, 0, 0, 0, 0, 0, 0, 0, 0, 0, 0, 0, 0, 0, 0, 0, 0, 0, 0, 0, 0, 0, 0, 0, 0, 0, 0, 0, 0, 0, 0]","[0, 0, 0, 0, 0, 0, 0, 0, 0, 0, 0, 0, 0, 0, 0, 0, 0, 0, 0, 0, 0, 0, 0, 0, 0, 0, 0, 0, 0, 0, 0, 0, 0, 0, 0, 0, 0, 0, 0, 0, 0, 0, 0, 0, 0, 0, 0, 0, 0, 0, 0, 0, 0, 0, 0, 0, 0, 0, 0, 0, 0, 0, 0, 0, 0, 0, 0, 0, 0, 0, 0, 0, 0, 0, 0, 0, 0, 0, 0, 0, 0, 0, 0, 0, 0, 0, 0, 0, 0, 0, 0, 0, 0, 0, 0, 0, 0, 0, 0, 0, 0, 0, 0, 0, 0, 0, 0, 0, 0, 0, 0, 0, 0, 0, 0, 0, 0, 0, 0, 0, 0, 0, 0, 0, 0, 0]","[0.0005658750305883586, 0.012227291008457541, 0.02038754103705287, 0.02957683301065117, 0.037395666004158556, 0.04622225003549829, 0.05403562501305714, 0.06290108303073794, 0.07076525001320988, 0.07960033300332725, 0.08736950001912192, 0.09616954100783914, 0.10396775003755465, 0.11266849999083206, 0.11969558300916106, 0.12946616602130234, 0.13664920802693814, 0.14617745799478143, 0.15327112498926, 0.16286445799050853, 0.1699440000229515, 0.17941408301703632, 0.18638945801649243, 0.19611208303831518, 0.2031719580409117, 0.2127780410228297, 0.2197829580400139, 0.2294392500189133, 0.2364637500140816, 0.2460784160066396, 0.25321804103441536, 0.2628010830376297, 0.26988445804454386, 0.27940166601911187, 0.2863998330431059, 0.296089707990177, 0.3030806250171736, 0.3126711249933578, 0.31970500003080815, 0.329465416027233, 0.33652225002879277, 0.34615500003565103, 0.35322912503033876, 0.3628045410150662, 0.3697901660343632, 0.3794435000163503, 0.38644400000339374, 0.39612054103054106, 0.4032224580296315, 0.41282016603508964, 0.41978754103183746, 0.42943462502444163, 0.4364740410237573, 0.44613083300646394, 0.453258250025101, 0.4627973330207169, 0.4697757080430165, 0.47945933300070465, 0.4864580000285059, 0.49611475004348904, 0.5031837080023251, 0.5128277910407633, 0.5198882080148906, 0.5294102909974754, 0.536570375028532, 0.5456610000110231, 0.5527161660138518, 0.5631762080010958, 0.5702159160282463, 0.5793869580375031, 0.5864325829898007, 0.5961171660455875, 0.6032492910162546, 0.612782791024074, 0.6198011660017073, 0.6294362079934217, 0.6366315830382518, 0.6461342080147006, 0.653721166017931, 0.6627522080088966, 0.6698383750044741, 0.6795745409908704, 0.686595750041306, 0.6961146250250749, 0.7030768330441788, 0.7128204579930753, 0.719873333000578, 0.7293449160060845, 0.7363073750166222, 0.746058874996379, 0.7530655000009574, 0.7627895000041462, 0.7698512499919161, 0.7795021249912679, 0.7866565830190666, 0.7961467500426807, 0.8034072500304319, 0.8123225000454113, 0.8193849580129609, 0.8297075410373509, 0.8367480410379358, 0.8461884580319747, 0.8533953329897486, 0.8627292080200277, 0.8698487910442054, 0.8795037910458632, 0.8866353330085985, 0.8960962080163881, 0.9030815410078503, 0.9127920829923823, 0.9199443330289796, 0.9295093750115484, 0.9365232500131242, 0.9461356660467573, 0.9532919580233283, 0.962788166012615, 0.9699114160030149, 0.9794575000414625, 0.9865152080310509, 0.9956365000107326, 1.002696541021578, 1.0131362910033204, 1.0210357080213726, 1.028932375018485, 1.0364579160232097, 1.0460542080109008]",22.054761292005423,22.060811792034656,22.574115584022366,22.552419334009755,777390,001,2024-04-05_15h59.42.239,pedestal_cursor_ibl,2023.2.3,None,2024-04-05 15h59.50.551536 +0200,
0.5,0.1,0.5,0,0,0,0,0,7,7,13,22.574115584022366,,,,,,22.552827875013463,1.3146416022536698,-0.09999999999999998,-0.4,23.87570545898052,23.875739666982554,0.017702499986626208,542,566,24.44302125001559,1,n,"[0.0, 0.0, 0.0, 0.0, 0.0, 0.0, 0.0, 0.0, 0.0, 0.0, 0.0, 0.0, 0.0, 0.0, 0.0, 0.0, 0.0, 0.0, 0.0, 0.0, 0.0, 0.0, 0.0, 0.0, 0.0, 0.0, 0.0, 0.0, 0.0, 0.0, 0.0, 0.0, 0.0, 0.0, 0.0, 0.0, 0.0, 0.0, 0.0, 0.0, 0.0, 0.0, 0.0, 0.0, 0.0, 0.0, 0.0, 0.0, 0.0, 0.0, 0.0, 0.0, 0.0, 0.0, 0.0, 0.0, 0.0, 0.0, 0.0, 0.0, 0.0, 0.0, 0.011111111111111112, 0.08444444444444445, 0.08444444444444445, 0.5244444444444445]","[0.0, 0.0, 0.0, 0.0, 0.0, 0.0, 0.0, 0.0, 0.0, 0.0, 0.0, 0.0, 0.0, 0.0, 0.0, 0.0, 0.0, 0.0, 0.0, 0.0, 0.0, 0.0, 0.0, 0.0, 0.0, 0.0, 0.0, 0.0, 0.0, 0.0, 0.0, 0.0, 0.0, 0.0, 0.0, 0.0, 0.0, 0.0, 0.0, 0.0, 0.0, 0.0, 0.0, 0.0, 0.0, 0.0, 0.0, 0.0, 0.0, 0.0, 0.0, 0.0, 0.0, 0.0, 0.0, 0.0, 0.0, 0.0, 0.0, 0.0, 0.0, 0.0, -0.05333333333333334, -0.19555555555555557, -0.19555555555555557, -0.5]","[0, 0, 0, 0, 0, 0, 0, 0, 0, 0, 0, 0, 0, 0, 0, 0, 0, 0, 0, 0, 0, 0, 0, 0, 0, 0, 0, 0, 0, 0, 0, 0, 0, 0, 0, 0, 0, 0, 0, 0, 0, 0, 0, 0, 0, 0, 0, 0, 0, 0, 0, 0, 0, 0, 0, 0, 0, 0, 0, 0, 0, 0, 0, 0, 0, 0]","[0, 0, 0, 0, 0, 0, 0, 0, 0, 0, 0, 0, 0, 0, 0, 0, 0, 0, 0, 0, 0, 0, 0, 0, 0, 0, 0, 0, 0, 0, 0, 0, 0, 0, 0, 0, 0, 0, 0, 0, 0, 0, 0, 0, 0, 0, 0, 0, 0, 0, 0, 0, 0, 0, 0, 0, 0, 0, 0, 0, 0, 0, 0, 0, 0, 0]","[0, 0, 0, 0, 0, 0, 0, 0, 0, 0, 0, 0, 0, 0, 0, 0, 0, 0, 0, 0, 0, 0, 0, 0, 0, 0, 0, 0, 0, 0, 0, 0, 0, 0, 0, 0, 0, 0, 0, 0, 0, 0, 0, 0, 0, 0, 0, 0, 0, 0, 0, 0, 0, 0, 0, 0, 0, 0, 0, 0, 0, 0, 0, 0, 0, 0]","[0.0006292909965850413, 0.012454665964469314, 0.02460029098438099, 0.03241374995559454, 0.04004837496904656, 0.047653499990701675, 0.05753175000427291, 0.06537991599179804, 0.07420450000790879, 0.081922790966928, 0.09085733297979459, 0.09859274997143075, 0.10750720795476809, 0.11522666597738862, 0.1241792079526931, 0.13186049996875226, 0.14082458295160905, 0.1486057079746388, 0.1575639160000719, 0.1650760829797946, 0.1735690829809755, 0.18085541599430144, 0.1907379580079578, 0.197914749966003, 0.20730433298740536, 0.21440120798069984, 0.22406274999957532, 0.23126154096098617, 0.24072274996433407, 0.24783279100665823, 0.25736925000092015, 0.2644929160014726, 0.2740081249503419, 0.281089540978428, 0.2907303749816492, 0.29783937497995794, 0.3073761659907177, 0.3145191659568809, 0.32400737499119714, 0.3309947910020128, 0.3406051659840159, 0.3475918329786509, 0.3577395409811288, 0.3649536249577068, 0.37402141600614414, 0.3812447909731418, 0.39074891596101224, 0.39838329097256064, 0.40737349999835715, 0.41433999995933846, 0.4239754159934819, 0.4311785830068402, 0.4407310409587808, 0.4479988749953918, 0.4569297909620218, 0.4639193330076523, 0.47439299995312467, 0.4815633329562843, 0.4906636249506846, 0.49773933296091855, 0.5073426250019111, 0.5150675409822725, 0.5239623749512248, 0.5311722499900497, 0.5405275409575552, 0.5477194159757346]",24.444459291989915,24.45103337499313,24.95627612498356,24.93575491697993,777390,001,2024-04-05_15h59.42.239,pedestal_cursor_ibl,2023.2.3,None,2024-04-05 15h59.50.551536 +0200,
0.5,0.1,0.5,0,0,0,0,0,8,8,3,24.95627612498356,,,,,,24.936158000025898,2.5005449693331556,0.09999999999999998,0.4,27.44279458402889,27.4428220000118,0.017225124989636242,649,682,28.126162542030215,1,n,"[0.0, 0.0, 0.0, 0.0, 0.0, 0.0, 0.0, 0.0, 0.0, 0.0, 0.0, 0.0, 0.0, 0.0, 0.0, 0.0, 0.0, 0.0, 0.0, 0.0, 0.0, 0.0, 0.0, 0.0, 0.0, 0.0, 0.0, 0.0, 0.0, 0.0, 0.0, 0.0, 0.0, 0.0, 0.0, 0.0, 0.0, 0.0, 0.0, 0.0, 0.0, 0.0, 0.0, 0.0, 0.0, 0.0, 0.0, 0.0, 0.0, 0.0, 0.0, 0.0, 0.0, 0.0, 0.0, 0.0, 0.0, 0.0, 0.0, 0.0, 0.0, 0.0, 0.0, 0.0, 0.0, 0.0, 0.0, 0.0, 0.0, 0.0, 0.0, 0.0, 0.0, 0.0, 0.0, -0.0022222222222222222, -0.04111111111111111, -0.10555555555555556, -0.29555555555555557, -0.6311111111111111]","[0.0, 0.0, 0.0, 0.0, 0.0, 0.0, 0.0, 0.0, 0.0, 0.0, 0.0, 0.0, 0.0, 0.0, 0.0, 0.0, 0.0, 0.0, 0.0, 0.0, 0.0, 0.0, 0.0, 0.0, 0.0, 0.0, 0.0, 0.0, 0.0, 0.0, 0.0, 0.0, 0.0, 0.0, 0.0, 0.0, 0.0, 0.0, 0.0, 0.0, 0.0, 0.0, 0.0, 0.0, 0.0, 0.0, 0.0, 0.0, 0.0, 0.0, 0.0, 0.0, 0.0, 0.0, 0.0, 0.0, 0.0, 0.0, 0.0, 0.0, 0.0, 0.0, 0.0, 0.0, 0.0, 0.0, 0.0, 0.0, 0.0, 0.0, 0.0, 0.0, 0.0, 0.0, 0.0, -0.0022222222222222222, -0.03111111111111111, -0.08444444444444445, -0.22666666666666666, -0.46555555555555556]","[0, 0, 0, 0, 0, 0, 0, 0, 0, 0, 0, 0, 0, 0, 0, 0, 0, 0, 0, 0, 0, 0, 0, 0, 0, 0, 0, 0, 0, 0, 0, 0, 0, 0, 0, 0, 0, 0, 0, 0, 0, 0, 0, 0, 0, 0, 0, 0, 0, 0, 0, 0, 0, 0, 0, 0, 0, 0, 0, 0, 0, 0, 0, 0, 0, 0, 0, 0, 0, 0, 0, 0, 0, 0, 0, 0, 0, 0, 0, 0]","[0, 0, 0, 0, 0, 0, 0, 0, 0, 0, 0, 0, 0, 0, 0, 0, 0, 0, 0, 0, 0, 0, 0, 0, 0, 0, 0, 0, 0, 0, 0, 0, 0, 0, 0, 0, 0, 0, 0, 0, 0, 0, 0, 0, 0, 0, 0, 0, 0, 0, 0, 0, 0, 0, 0, 0, 0, 0, 0, 0, 0, 0, 0, 0, 0, 0, 0, 0, 0, 0, 0, 0, 0, 0, 0, 0, 0, 0, 0, 0]","[0, 0, 0, 0, 0, 0, 0, 0, 0, 0, 0, 0, 0, 0, 0, 0, 0, 0, 0, 0, 0, 0, 0, 0, 0, 0, 0, 0, 0, 0, 0, 0, 0, 0, 0, 0, 0, 0, 0, 0, 0, 0, 0, 0, 0, 0, 0, 0, 0, 0, 0, 0, 0, 0, 0, 0, 0, 0, 0, 0, 0, 0, 0, 0, 0, 0, 0, 0, 0, 0, 0, 0, 0, 0, 0, 0, 0, 0, 0, 0]","[0.0005102500435896218, 0.012235916045028716, 0.02489012503065169, 0.03270770801464096, 0.04032179102068767, 0.04791808302979916, 0.0576833329978399, 0.06550254102330655, 0.0743376660393551, 0.082187750027515, 0.09105049999197945, 0.09885979100363329, 0.10720454104011878, 0.11478595802327618, 0.12440295802662149, 0.13223104103235528, 0.14096975000575185, 0.1482287910184823, 0.1575988749973476, 0.16507720801746473, 0.17422883299877867, 0.18126187502639368, 0.19089425000129268, 0.19799529103329405, 0.20755375002045184, 0.21460279100574553, 0.22424041602062061, 0.231279916013591, 0.24087100004544482, 0.2481950410292484, 0.2576829580357298, 0.26491329103009775, 0.2742469580261968, 0.2818572079995647, 0.29102829104522243, 0.2985817500157282, 0.30771837499924004, 0.3153197080246173, 0.32394991599721834, 0.33140845800517127, 0.3405727079953067, 0.3477345000137575, 0.357947041047737, 0.36503870802698657, 0.3743557910202071, 0.38184087502304465, 0.39085854100994766, 0.39792287501040846, 0.4075457500293851, 0.41458162502385676, 0.424548415991012, 0.43222266604425386, 0.44088100001681596, 0.44803741603391245, 0.4575229160254821, 0.4645136659964919, 0.4742107500205748, 0.4812417080393061, 0.4909338330035098, 0.49793362501077354, 0.5075260000303388, 0.5145340409944765, 0.5241065410082228, 0.5310938750044443, 0.5408518330077641, 0.5479328749934211, 0.5571290000225417, 0.5641057080356404, 0.5747017080429941, 0.5816200000117533, 0.5909157080459408, 0.5978330000070855, 0.6075759580126032, 0.6146387080079876, 0.6238427910138853, 0.6314785410067998, 0.641285500023514, 0.6489211660227738, 0.6575767500326037, 0.6646427910309285]",28.127820792025886,28.134953542030416,28.64100037503522,28.619223917019553,777390,001,2024-04-05_15h59.42.239,pedestal_cursor_ibl,2023.2.3,None,2024-04-05 15h59.50.551536 +0200,
0.5,0.02,0.5,0,0,0,0,0,9,9,16,28.64100037503522,,,,,,28.61962333403062,1.685365104192427,0.020000000000000018,0.4,30.319600209011696,30.319630583981052,0.01797441695816815,540,549,30.869796541985124,0,n,"[0.0, 0.0, 0.0, 0.0, 0.0, 0.0, 0.0, 0.0, 0.0, 0.0, 0.0, 0.0, 0.0, 0.0, 0.0, 0.0, 0.0, 0.0, 0.0, 0.0, 0.0, 0.0, 0.0, 0.0, 0.0, 0.0, 0.0, 0.0, 0.0, 0.0, 0.0, 0.0, 0.0, 0.0, 0.0, 0.0, 0.0, 0.0, 0.0, 0.0, 0.0, 0.0, 0.0, 0.0, 0.0, 0.0, 0.0, 0.0, 0.0, 0.0, 0.0, 0.0, 0.0, 0.0, 0.0, 0.0, 0.0, 0.0, 0.0, 0.0, 0.0, 0.0, 0.02, 0.2633333333333333]","[0.0, 0.0, 0.0, 0.0, 0.0, 0.0, 0.0, 0.0, 0.0, 0.0, 0.0, 0.0, 0.0, 0.0, 0.0, 0.0, 0.0, 0.0, 0.0, 0.0, 0.0, 0.0, 0.0, 0.0, 0.0, 0.0, 0.0, 0.0, 0.0, 0.0, 0.0, 0.0, 0.0, 0.0, 0.0, 0.0, 0.0, 0.0, 0.0, 0.0, 0.0, 0.0, 0.0, 0.0, 0.0, 0.0, 0.0, 0.0, 0.0, 0.0, 0.0, 0.0, 0.0, 0.0, 0.0, 0.0, 0.0, 0.0, 0.0, 0.0, 0.0, 0.0, -0.0022222222222222222, -0.03666666666666667]","[0, 0, 0, 0, 0, 0, 0, 0, 0, 0, 0, 0, 0, 0, 0, 0, 0, 0, 0, 0, 0, 0, 0, 0, 0, 0, 0, 0, 0, 0, 0, 0, 0, 0, 0, 0, 0, 0, 0, 0, 0, 0, 0, 0, 0, 0, 0, 0, 0, 0, 0, 0, 0, 0, 0, 0, 0, 0, 0, 0, 0, 0, 0, 0]","[0, 0, 0, 0, 0, 0, 0, 0, 0, 0, 0, 0, 0, 0, 0, 0, 0, 0, 0, 0, 0, 0, 0, 0, 0, 0, 0, 0, 0, 0, 0, 0, 0, 0, 0, 0, 0, 0, 0, 0, 0, 0, 0, 0, 0, 0, 0, 0, 0, 0, 0, 0, 0, 0, 0, 0, 0, 0, 0, 0, 0, 0, 0, 0]","[0, 0, 0, 0, 0, 0, 0, 0, 0, 0, 0, 0, 0, 0, 0, 0, 0, 0, 0, 0, 0, 0, 0, 0, 0, 0, 0, 0, 0, 0, 0, 0, 0, 0, 0, 0, 0, 0, 0, 0, 0, 0, 0, 0, 0, 0, 0, 0, 0, 0, 0, 0, 0, 0, 0, 0, 0, 0, 0, 0, 0, 0, 0, 0]","[0.0005199580336920917, 0.012234958005137742, 0.020098333014175296, 0.030198374995961785, 0.03811141703044996, 0.04678662499645725, 0.05462258303305134, 0.0635519580100663, 0.07133941701613367, 0.08008829201571643, 0.08789337502093986, 0.09677962504792958, 0.10457195801427588, 0.11349333304679021, 0.12117679201764986, 0.13009266700828448, 0.13769220799440518, 0.14683004200924188, 0.15443845803383738, 0.16347429202869534, 0.1710528749972582, 0.1799464999930933, 0.1876289170468226, 0.19662312499713153, 0.2036250830278732, 0.2133025000221096, 0.22035499999765307, 0.2299848750117235, 0.23699666699394584, 0.24664895801106468, 0.2537579580093734, 0.26332958304556087, 0.27043154201237485, 0.2800649999990128, 0.2870797920040786, 0.2966434170375578, 0.3036875000107102, 0.3133105000015348, 0.3203612500219606, 0.3299385000136681, 0.336967250041198, 0.34678150003310293, 0.35381662502186373, 0.36330083303619176, 0.37042087502777576, 0.38003062503412366, 0.38706291699782014, 0.39672350004548207, 0.4038062500185333, 0.4133105000364594, 0.4202714170096442, 0.4300200830330141, 0.4370426250388846, 0.44667974999174476, 0.4537704579997808, 0.46335600002203137, 0.47041637502843514, 0.4799209170159884, 0.48709212499670684, 0.49617412500083447, 0.503618374990765, 0.5139275420224294, 0.5215059579932131, 0.530582083039917]",30.871406583988573,30.881368042028043,31.39135404198896,31.369073916983325,777390,001,2024-04-05_15h59.42.239,pedestal_cursor_ibl,2023.2.3,None,2024-04-05 15h59.50.551536 +0200,
0.5,0.02,0.5,0,0,0,0,0,10,10,11,31.39135404198896,,,,,,31.36958991701249,2.5513786955357585,0.020000000000000018,0.4,33.93607604200952,33.93610366701614,0.017893165990244597,565,582,34.51881279202644,1,n,"[0.0, 0.0, 0.0, 0.0, 0.0, 0.0, 0.0, 0.0, 0.0, 0.0, 0.0, 0.0, 0.0, 0.0, 0.0, 0.0, 0.0, 0.0, 0.0, 0.0, 0.0, 0.0, 0.0, 0.0, 0.0, 0.0, 0.0, 0.0, 0.0, 0.0, 0.0, 0.0, 0.0, 0.0, 0.0, 0.0, 0.0, 0.0, 0.0, 0.0, 0.0, 0.0, 0.0, 0.0, 0.0, 0.0, 0.0, 0.0, 0.0, 0.0, 0.0, 0.0, 0.0, 0.0, 0.0, 0.0, 0.0, 0.0, 0.0, 0.0, 0.0, 0.0, 0.0, 0.0, 0.0, -0.034444444444444444, -0.36333333333333334, -0.7233333333333334]","[0.0, 0.0, 0.0, 0.0, 0.0, 0.0, 0.0, 0.0, 0.0, 0.0, 0.0, 0.0, 0.0, 0.0, 0.0, 0.0, 0.0, 0.0, 0.0, 0.0, 0.0, 0.0, 0.0, 0.0, 0.0, 0.0, 0.0, 0.0, 0.0, 0.0, 0.0, 0.0, 0.0, 0.0, 0.0, 0.0, 0.0, 0.0, 0.0, 0.0, 0.0, 0.0, 0.0, 0.0, 0.0, 0.0, 0.0, 0.0, 0.0, 0.0, 0.0, 0.0, 0.0, 0.0, 0.0, 0.0, 0.0, 0.0, 0.0, 0.0, 0.0, 0.0, 0.0, 0.0, 0.0, -0.014444444444444444, -0.2088888888888889, -0.45222222222222225]","[0, 0, 0, 0, 0, 0, 0, 0, 0, 0, 0, 0, 0, 0, 0, 0, 0, 0, 0, 0, 0, 0, 0, 0, 0, 0, 0, 0, 0, 0, 0, 0, 0, 0, 0, 0, 0, 0, 0, 0, 0, 0, 0, 0, 0, 0, 0, 0, 0, 0, 0, 0, 0, 0, 0, 0, 0, 0, 0, 0, 0, 0, 0, 0, 0, 0, 0, 0]","[0, 0, 0, 0, 0, 0, 0, 0, 0, 0, 0, 0, 0, 0, 0, 0, 0, 0, 0, 0, 0, 0, 0, 0, 0, 0, 0, 0, 0, 0, 0, 0, 0, 0, 0, 0, 0, 0, 0, 0, 0, 0, 0, 0, 0, 0, 0, 0, 0, 0, 0, 0, 0, 0, 0, 0, 0, 0, 0, 0, 0, 0, 0, 0, 0, 0, 0, 0]","[0, 0, 0, 0, 0, 0, 0, 0, 0, 0, 0, 0, 0, 0, 0, 0, 0, 0, 0, 0, 0, 0, 0, 0, 0, 0, 0, 0, 0, 0, 0, 0, 0, 0, 0, 0, 0, 0, 0, 0, 0, 0, 0, 0, 0, 0, 0, 0, 0, 0, 0, 0, 0, 0, 0, 0, 0, 0, 0, 0, 0, 0, 0, 0, 0, 0, 0, 0]","[0.0005122500006109476, 0.01214045804226771, 0.020060500013642013, 0.030724333017133176, 0.03855041600763798, 0.04620199999772012, 0.05368358304258436, 0.063693875039462, 0.07148074998985976, 0.08051345800049603, 0.08820512500824407, 0.09700158302439377, 0.10467645799508318, 0.11378854099893942, 0.12129658303456381, 0.1302202499937266, 0.13723824999760836, 0.14690937503473833, 0.1540227910154499, 0.16363675001775846, 0.17066354100825265, 0.1802529160049744, 0.18741691601462662, 0.1968685410101898, 0.20414000004529953, 0.2136152500170283, 0.2208502910216339, 0.23030337499221787, 0.23777287499979138, 0.24688187503488734, 0.2539578750147484, 0.263611791015137, 0.2707031660247594, 0.28016366600058973, 0.28723966603865847, 0.2969335410161875, 0.3040110830334015, 0.31360083300387487, 0.32074829103657976, 0.33026520803105086, 0.33730866602854803, 0.346912291017361, 0.353940416011028, 0.36352712503867224, 0.37054862501099706, 0.38032487500458956, 0.3878595409914851, 0.39693950000219047, 0.4039767080103047, 0.4135979580460116, 0.42068566603120416, 0.43021983304060996, 0.437214125005994, 0.44692850002320483, 0.4539644999895245, 0.46358091599540785, 0.4707103330292739, 0.48023629101226106, 0.48725520801963285, 0.4969380410038866, 0.5040420410223305, 0.5139778750017285, 0.5214576660073362, 0.5302862080279738, 0.5378144159913063, 0.5469376250403002, 0.5553039160440676, 0.5632492910372093]",34.520448666997254,34.52927987498697,35.0416707090335,35.01914737501647,777390,001,2024-04-05_15h59.42.239,pedestal_cursor_ibl,2023.2.3,None,2024-04-05 15h59.50.551536 +0200,
0.5,0.2,0.5,0,0,0,0,0,11,11,9,35.0416707090335,,,,,,35.019652709015645,2.074443789224694,-0.19999999999999996,-0.4,37.10290141700534,37.102931583998725,0.01794175000395626,573,615,37.71977266698377,1,n,"[0.0, 0.0, 0.0, 0.0, 0.0, 0.0, 0.0, 0.0, 0.0, 0.0, 0.0, 0.0, 0.0, 0.0, 0.0, 0.0, 0.0, 0.0, 0.0, 0.0, 0.0, 0.0, 0.0, 0.0, 0.0, 0.0, 0.0, 0.0, 0.0, 0.0, 0.0, 0.0, 0.0, 0.0, 0.0, 0.0, 0.0, 0.0, 0.0, 0.0, 0.0, 0.0, 0.0, 0.0, 0.0, 0.0, 0.0, 0.0, 0.0, 0.0, 0.0, 0.0, 0.0, 0.0, 0.0, 0.0, 0.0, 0.0, 0.0, 0.0, 0.0, 0.0, 0.0, 0.0, 0.0, 0.0, 0.0, 0.04111111111111111, 0.1111111111111111, 0.21888888888888888, 0.35555555555555557, 0.6722222222222223]","[0.0, 0.0, 0.0, 0.0, 0.0, 0.0, 0.0, 0.0, 0.0, 0.0, 0.0, 0.0, 0.0, 0.0, 0.0, 0.0, 0.0, 0.0, 0.0, 0.0, 0.0, 0.0, 0.0, 0.0, 0.0, 0.0, 0.0, 0.0, 0.0, 0.0, 0.0, 0.0, 0.0, 0.0, 0.0, 0.0, 0.0, 0.0, 0.0, 0.0, 0.0, 0.0, 0.0, 0.0, 0.0, 0.0, 0.0, 0.0, 0.0, 0.0, 0.0, 0.0, 0.0, 0.0, 0.0, 0.0, 0.0, 0.0, 0.0, 0.0, 0.0, 0.0, 0.0, 0.0, 0.0, 0.0, -0.0022222222222222222, -0.04777777777777778, -0.11888888888888889, -0.21444444444444444, -0.32555555555555554, -0.5]","[0, 0, 0, 0, 0, 0, 0, 0, 0, 0, 0, 0, 0, 0, 0, 0, 0, 0, 0, 0, 0, 0, 0, 0, 0, 0, 0, 0, 0, 0, 0, 0, 0, 0, 0, 0, 0, 0, 0, 0, 0, 0, 0, 0, 0, 0, 0, 0, 0, 0, 0, 0, 0, 0, 0, 0, 0, 0, 0, 0, 0, 0, 0, 0, 0, 0, 0, 0, 0, 0, 0, 0]","[0, 0, 0, 0, 0, 0, 0, 0, 0, 0, 0, 0, 0, 0, 0, 0, 0, 0, 0, 0, 0, 0, 0, 0, 0, 0, 0, 0, 0, 0, 0, 0, 0, 0, 0, 0, 0, 0, 0, 0, 0, 0, 0, 0, 0, 0, 0, 0, 0, 0, 0, 0, 0, 0, 0, 0, 0, 0, 0, 0, 0, 0, 0, 0, 0, 0, 0, 0, 0, 0, 0, 0]","[0, 0, 0, 0, 0, 0, 0, 0, 0, 0, 0, 0, 0, 0, 0, 0, 0, 0, 0, 0, 0, 0, 0, 0, 0, 0, 0, 0, 0, 0, 0, 0, 0, 0, 0, 0, 0, 0, 0, 0, 0, 0, 0, 0, 0, 0, 0, 0, 0, 0, 0, 0, 0, 0, 0, 0, 0, 0, 0, 0, 0, 0, 0, 0, 0, 0, 0, 0, 0, 0, 0, 0]","[0.000492958992253989, 0.012236916983965784, 0.020141583983786404, 0.03026754199527204, 0.038050125003792346, 0.046481499972287565, 0.05412291700486094, 0.06349724996834993, 0.07122966699535027, 0.0801690419903025, 0.08792679198086262, 0.0967940419795923, 0.10457508399849758, 0.11349424999207258, 0.12136145896511152, 0.13024508400121704, 0.1380805000080727, 0.14668158401036635, 0.15393004199722782, 0.16340145899448544, 0.17061054200166836, 0.17997599998489022, 0.18727845896501094, 0.19676437496673316, 0.20396145898848772, 0.21336545899976045, 0.22046229196712375, 0.23004779196344316, 0.2373749589896761, 0.24672462500166148, 0.25388620898593217, 0.26333770900964737, 0.2705415419768542, 0.2799479169771075, 0.28709399997023866, 0.2967332089901902, 0.3038140839780681, 0.31332899996777996, 0.3203141670092009, 0.33004316699225456, 0.3370367090101354, 0.3466584589914419, 0.3535588340018876, 0.363667625002563, 0.37096787500195205, 0.3799827499897219, 0.3871180000132881, 0.3966969170141965, 0.403783208981622, 0.4133290419704281, 0.42052333400351927, 0.42953595897415653, 0.4365000840043649, 0.4471403749776073, 0.45459354197373614, 0.4634057499933988, 0.47045124997384846, 0.48002195899607614, 0.48697374999755993, 0.49658683396410197, 0.503506833978463, 0.5137559589929879, 0.5209655839717016, 0.5300179999903776, 0.5371437089634128, 0.546733958995901, 0.5547842920059338, 0.5638967920094728, 0.5713728750124574, 0.5798623340087943, 0.5872652090038173, 0.5971055839909241]",37.72134804201778,37.72682600002736,38.24135958403349,38.219158500025515,777390,001,2024-04-05_15h59.42.239,pedestal_cursor_ibl,2023.2.3,None,2024-04-05 15h59.50.551536 +0200,
0.5,0.05,0.5,0,0,0,0,0,12,12,7,38.24135958403349,,,,,,38.21965308400104,2.097249664666478,0.050000000000000044,0.4,40.32584233401576,40.3258731670212,0.01771404198370874,425,499,40.826124874991365,1,n,"[0.0, 0.0, 0.0, 0.0, 0.0, 0.0, 0.0, 0.0, 0.0, 0.0, 0.0, 0.0, 0.0, 0.0, 0.0, 0.0, 0.0, 0.0, 0.0, 0.0, 0.0, 0.0, 0.0, 0.0, 0.0, 0.0, 0.0, 0.0, 0.0, 0.0, 0.0, 0.0, 0.0, 0.0, 0.0, 0.0, 0.0, 0.0, 0.0, 0.0, 0.0, 0.0, 0.0, 0.0, 0.0, 0.0, 0.0, 0.0, -0.0022222222222222222, -0.011111111111111112, -0.027777777777777776, -0.04888888888888889, -0.0811111111111111, -0.15222222222222223, -0.2088888888888889, -0.27444444444444444, -0.34555555555555556, -0.4222222222222222]","[0.0, 0.0, 0.0, 0.0, 0.0, 0.0, 0.0, 0.0, 0.0, 0.0, 0.0, 0.0, 0.0, 0.0, 0.0, 0.0, 0.0, 0.0, 0.0, 0.0, 0.0, 0.0, 0.0, 0.0, 0.0, 0.0, 0.0, 0.0, 0.0, 0.0, 0.0, 0.0, 0.0, 0.0, 0.0, 0.0, 0.0, 0.0, 0.0, 0.0, 0.0, 0.0, 0.0, 0.0, 0.0, 0.0, 0.0, 0.0, 0.0, 0.0, -0.0022222222222222222, -0.005555555555555556, -0.011111111111111112, -0.021111111111111112, -0.03111111111111111, -0.04666666666666667, -0.06333333333333334, -0.08333333333333333]","[0, 0, 0, 0, 0, 0, 0, 0, 0, 0, 0, 0, 0, 0, 0, 0, 0, 0, 0, 0, 0, 0, 0, 0, 0, 0, 0, 0, 0, 0, 0, 0, 0, 0, 0, 0, 0, 0, 0, 0, 0, 0, 0, 0, 0, 0, 0, 0, 0, 0, 0, 0, 0, 0, 0, 0, 0, 0]","[0, 0, 0, 0, 0, 0, 0, 0, 0, 0, 0, 0, 0, 0, 0, 0, 0, 0, 0, 0, 0, 0, 0, 0, 0, 0, 0, 0, 0, 0, 0, 0, 0, 0, 0, 0, 0, 0, 0, 0, 0, 0, 0, 0, 0, 0, 0, 0, 0, 0, 0, 0, 0, 0, 0, 0, 0, 0]","[0, 0, 0, 0, 0, 0, 0, 0, 0, 0, 0, 0, 0, 0, 0, 0, 0, 0, 0, 0, 0, 0, 0, 0, 0, 0, 0, 0, 0, 0, 0, 0, 0, 0, 0, 0, 0, 0, 0, 0, 0, 0, 0, 0, 0, 0, 0, 0, 0, 0, 0, 0, 0, 0, 0, 0, 0, 0]","[0.0005203750333748758, 0.01219479099381715, 0.024703625007532537, 0.0325191660085693, 0.04008654103381559, 0.047642000019550323, 0.057519166031852365, 0.06536645803134888, 0.07415191602194682, 0.08192570798564702, 0.09080854099011049, 0.09860308299539611, 0.10709608299657702, 0.1142506250180304, 0.12406962498789653, 0.13128108298406005, 0.14071641600457951, 0.1478720000013709, 0.15743020799709484, 0.16443375003291294, 0.1741149160079658, 0.18164333299500868, 0.19075254100607708, 0.19776962499599904, 0.20730266597820446, 0.21432224998716265, 0.2240176250343211, 0.2310242080129683, 0.24066166603006423, 0.2477755409781821, 0.2573533750255592, 0.2644191249855794, 0.27409495803294703, 0.2811302079935558, 0.2906912909820676, 0.29780066601233557, 0.30740237497957423, 0.3145092910272069, 0.323985833034385, 0.33110570802818984, 0.34075591602595523, 0.34775512502528727, 0.35740533302305266, 0.3644699159776792, 0.3740805829875171, 0.3811363329878077, 0.39072262501576915, 0.39850495802238584, 0.4070834160083905, 0.41492895799456164, 0.4235717080300674, 0.4311226250138134, 0.4415054160053842, 0.4490264999913052, 0.4577479159925133, 0.46503454103367403, 0.4738741249893792, 0.48104795801918954]",40.82744604203617,40.83491520903772,41.338977959007025,41.31910870899446,777390,001,2024-04-05_15h59.42.239,pedestal_cursor_ibl,2023.2.3,None,2024-04-05 15h59.50.551536 +0200,
0.5,0,0.5,0,0,0,0,0,13,13,10,41.338977959007025,,,,,,41.31951345899142,2.959412107596518,0.0,-0.4,44.2861011250061,44.28613220900297,0.017427541955839843,449,489,44.776286834036,1,n,"[0.0, 0.0, 0.0, 0.0, 0.0, 0.0, 0.0, 0.0, 0.0, 0.0, 0.0, 0.0, 0.0, 0.0, 0.0, 0.0, 0.0, 0.0, 0.0, 0.0, 0.0, 0.0, 0.0, 0.0, 0.0, 0.0, 0.0, 0.0, 0.0, 0.0, 0.0, 0.0, 0.0, 0.0, 0.0, 0.0, 0.0, 0.0, 0.0, 0.0, 0.0, 0.0, 0.0, 0.0, 0.0, 0.0, 0.0, 0.0, 0.0, 0.0, 0.0, 0.0011111111111111111, 0.025555555555555557, 0.07333333333333333, 0.21555555555555556, 0.3811111111111111, 0.5988888888888889]","[0.0, 0.0, 0.0, 0.0, 0.0, 0.0, 0.0, 0.0, 0.0, 0.0, 0.0, 0.0, 0.0, 0.0, 0.0, 0.0, 0.0, 0.0, 0.0, 0.0, 0.0, 0.0, 0.0, 0.0, 0.0, 0.0, 0.0, 0.0, 0.0, 0.0, 0.0, 0.0, 0.0, 0.0, 0.0, 0.0, 0.0, 0.0, 0.0, 0.0, 0.0, 0.0, 0.0, 0.0, 0.0, 0.0, 0.0, 0.0, 0.0, 0.0, 0.0, -0.0022222222222222222, -0.027777777777777776, -0.07444444444444444, -0.20777777777777778, -0.35, -0.5]","[0, 0, 0, 0, 0, 0, 0, 0, 0, 0, 0, 0, 0, 0, 0, 0, 0, 0, 0, 0, 0, 0, 0, 0, 0, 0, 0, 0, 0, 0, 0, 0, 0, 0, 0, 0, 0, 0, 0, 0, 0, 0, 0, 0, 0, 0, 0, 0, 0, 0, 0, 0, 0, 0, 0, 0, 0]","[0, 0, 0, 0, 0, 0, 0, 0, 0, 0, 0, 0, 0, 0, 0, 0, 0, 0, 0, 0, 0, 0, 0, 0, 0, 0, 0, 0, 0, 0, 0, 0, 0, 0, 0, 0, 0, 0, 0, 0, 0, 0, 0, 0, 0, 0, 0, 0, 0, 0, 0, 0, 0, 0, 0, 0, 0]","[0, 0, 0, 0, 0, 0, 0, 0, 0, 0, 0, 0, 0, 0, 0, 0, 0, 0, 0, 0, 0, 0, 0, 0, 0, 0, 0, 0, 0, 0, 0, 0, 0, 0, 0, 0, 0, 0, 0, 0, 0, 0, 0, 0, 0, 0, 0, 0, 0, 0, 0, 0, 0, 0, 0, 0, 0]","[0.0005080839619040489, 0.011975125002209097, 0.019834333972539753, 0.031231041997671127, 0.03913066699169576, 0.04693508398486301, 0.054600458999630064, 0.06421233399305493, 0.07200445898342878, 0.08091624994995072, 0.08870720898266882, 0.09753479197388515, 0.10511799994856119, 0.11400787497404963, 0.12126066698692739, 0.13065874995663762, 0.13810491695767269, 0.1473377919755876, 0.15451533399755135, 0.16430879198014736, 0.1717732090037316, 0.18076866696355864, 0.18786674999864772, 0.19732991699129343, 0.20440558396512643, 0.2139948339900002, 0.22113637498114258, 0.23061566695105284, 0.2376654589897953, 0.24728299997514114, 0.2544048340059817, 0.26399474998470396, 0.27116958395345137, 0.2806770419701934, 0.28788499999791384, 0.29686529195168987, 0.3042524589691311, 0.31361687497701496, 0.3207815419882536, 0.33071958395885304, 0.3379634589655325, 0.34702429198659956, 0.35430516698397696, 0.3636673750006594, 0.3708570839953609, 0.3803819589666091, 0.38769725000020117, 0.39687508397037163, 0.404160083970055, 0.4143902499927208, 0.42217770899878815, 0.4312705839984119, 0.43880162498680875, 0.4467578749754466, 0.4543764169793576, 0.4637606669566594, 0.47091458400245756]",44.7775862920098,44.78522958402755,45.28933095902903,45.26934054202866,777390,001,2024-04-05_15h59.42.239,pedestal_cursor_ibl,2023.2.3,None,2024-04-05 15h59.50.551536 +0200,
,,,,,,,,,,,45.28933095902903,,,,,,45.26980516698677,1.0597208571409065,0.19999999999999996,0.4,,,,,,,,,,,,,,,,,,,,,,,,,,
