biasPoint,contrast_gr,block.thisRepN,block.thisTrialN,block.thisN,block.thisIndex,trials.thisRepN,trials.thisTrialN,trials.thisN,trials.thisIndex,thisRow.t,notes,set_bias_condition.started,bias_file,bias_yn,set_bias_condition.stopped,fix.started,iti,grating_side,biasPoint,eccentricity,fix.stopped,trial.started,trial.stopped,mouse.x,mouse.y,mouse.leftButton,mouse.midButton,mouse.rightButton,mouse.time,mouse.clicked_name,block_break.started,break_text.started,countdown.started,participant,date,expName,psychopyVersion,frameRate,expStart,
0.8,0.75,0,0,0,0,0,0,0,9,0.04862358298851177,,0.014178374985931441,bias_block.xlsx,1,0.014770166977541521,0.028486041992437094,1.243761825700185,-1,0.8,-0.35,1.2848963329743128,1.2849309579760302,2.36779370799195,"[-0.35, -0.35, -0.35, -0.35, -0.35, -0.35, -0.35, -0.35, -0.35, -0.35, -0.35, -0.35, -0.35, -0.35, -0.35, -0.35, -0.35, -0.35, -0.35, -0.35, -0.35, -0.35, -0.35, -0.35, -0.35, -0.35, -0.35, -0.35, -0.35, -0.35, -0.35, -0.35, -0.35, -0.35, -0.35, -0.35, -0.35, -0.35, -0.35, -0.35, -0.35, -0.35, -0.35, -0.35, -0.35, -0.35, -0.35, -0.35, -0.35, -0.35, -0.35, -0.35, -0.35, -0.35, -0.35, -0.35, -0.35, -0.35, -0.35, -0.35, -0.35, -0.35, -0.35, -0.35, -0.35, -0.35, -0.35, -0.35, -0.35, -0.35, -0.35, -0.35, -0.35, -0.35, -0.35, -0.35, -0.35, -0.35, -0.3466666666666667, -0.3433333333333333, -0.3433333333333333, -0.3333333333333333, -0.33, -0.32222222222222224, -0.31444444444444447, -0.3055555555555556, -0.2966666666666667, -0.28888888888888886, -0.2811111111111111, -0.2722222222222222, -0.26666666666666666, -0.2588888888888889, -0.2511111111111111, -0.24444444444444444, -0.23777777777777778, -0.22444444444444445, -0.22444444444444445, -0.20777777777777778, -0.20777777777777778, -0.1922222222222222, -0.1922222222222222, -0.18222222222222223, -0.17666666666666667, -0.17666666666666667, -0.16444444444444445, -0.15888888888888889, -0.15, -0.14333333333333334, -0.1388888888888889, -0.1322222222222222, -0.12444444444444444, -0.11777777777777777, -0.11444444444444445, -0.10777777777777778, -0.10333333333333333, -0.09111111111111111, -0.09111111111111111, -0.08666666666666667, -0.07888888888888888, -0.06777777777777778, -0.06777777777777778, -0.056666666666666664, -0.05444444444444444, -0.044444444444444446, -0.044444444444444446, -0.03777777777777778, -0.03333333333333333]","[0.0, 0.0, 0.0, 0.0, 0.0, 0.0, 0.0, 0.0, 0.0, 0.0, 0.0, 0.0, 0.0, 0.0, 0.0, 0.0, 0.0, 0.0, 0.0, 0.0, 0.0, 0.0, 0.0, 0.0, 0.0, 0.0, 0.0, 0.0, 0.0, 0.0, 0.0, 0.0, 0.0, 0.0, 0.0, 0.0, 0.0, 0.0, 0.0, 0.0, 0.0, 0.0, 0.0, 0.0, 0.0, 0.0, 0.0, 0.0, 0.0, 0.0, 0.0, 0.0, 0.0, 0.0, 0.0, 0.0, 0.0, 0.0, 0.0, 0.0, 0.0, 0.0, 0.0, 0.0, 0.0, 0.0, 0.0, 0.0, 0.0, 0.0, 0.0, 0.0, 0.0, 0.0, 0.0, 0.0, 0.0, 0.0, 0.0, 0.0, 0.0, 0.0, 0.0, 0.0, 0.0, 0.0, 0.0, 0.0, 0.0, 0.0, 0.0, 0.0, 0.0, 0.0, 0.0, -0.0022222222222222222, -0.0022222222222222222, -0.005555555555555556, -0.005555555555555556, -0.008888888888888889, -0.008888888888888889, -0.01, -0.01, -0.01, -0.011111111111111112, -0.011111111111111112, -0.011111111111111112, -0.011111111111111112, -0.011111111111111112, -0.011111111111111112, -0.011111111111111112, -0.011111111111111112, -0.011111111111111112, -0.011111111111111112, -0.011111111111111112, -0.012222222222222223, -0.012222222222222223, -0.012222222222222223, -0.012222222222222223, -0.013333333333333334, -0.013333333333333334, -0.014444444444444444, -0.014444444444444444, -0.014444444444444444, -0.014444444444444444, -0.014444444444444444, -0.015555555555555555]","[0, 0, 0, 0, 0, 0, 0, 0, 0, 0, 0, 0, 0, 0, 0, 0, 0, 0, 0, 0, 0, 0, 0, 0, 0, 0, 0, 0, 0, 0, 0, 0, 0, 0, 0, 0, 0, 0, 0, 0, 0, 0, 0, 0, 0, 0, 0, 0, 0, 0, 0, 0, 0, 0, 0, 0, 0, 0, 0, 0, 0, 0, 0, 0, 0, 0, 0, 0, 0, 0, 0, 0, 0, 0, 0, 0, 0, 0, 0, 0, 0, 0, 0, 0, 0, 0, 0, 0, 0, 0, 0, 0, 0, 0, 0, 0, 0, 0, 0, 0, 0, 0, 0, 0, 0, 0, 0, 0, 0, 0, 0, 0, 0, 0, 0, 0, 0, 0, 0, 0, 0, 0, 0, 0, 0, 0, 0]","[0, 0, 0, 0, 0, 0, 0, 0, 0, 0, 0, 0, 0, 0, 0, 0, 0, 0, 0, 0, 0, 0, 0, 0, 0, 0, 0, 0, 0, 0, 0, 0, 0, 0, 0, 0, 0, 0, 0, 0, 0, 0, 0, 0, 0, 0, 0, 0, 0, 0, 0, 0, 0, 0, 0, 0, 0, 0, 0, 0, 0, 0, 0, 0, 0, 0, 0, 0, 0, 0, 0, 0, 0, 0, 0, 0, 0, 0, 0, 0, 0, 0, 0, 0, 0, 0, 0, 0, 0, 0, 0, 0, 0, 0, 0, 0, 0, 0, 0, 0, 0, 0, 0, 0, 0, 0, 0, 0, 0, 0, 0, 0, 0, 0, 0, 0, 0, 0, 0, 0, 0, 0, 0, 0, 0, 0, 0]","[0, 0, 0, 0, 0, 0, 0, 0, 0, 0, 0, 0, 0, 0, 0, 0, 0, 0, 0, 0, 0, 0, 0, 0, 0, 0, 0, 0, 0, 0, 0, 0, 0, 0, 0, 0, 0, 0, 0, 0, 0, 0, 0, 0, 0, 0, 0, 0, 0, 0, 0, 0, 0, 0, 0, 0, 0, 0, 0, 0, 0, 0, 0, 0, 0, 0, 0, 0, 0, 0, 0, 0, 0, 0, 0, 0, 0, 0, 0, 0, 0, 0, 0, 0, 0, 0, 0, 0, 0, 0, 0, 0, 0, 0, 0, 0, 0, 0, 0, 0, 0, 0, 0, 0, 0, 0, 0, 0, 0, 0, 0, 0, 0, 0, 0, 0, 0, 0, 0, 0, 0, 0, 0, 0, 0, 0, 0]","[0.000583125016419217, 0.013277417019708082, 0.024792542011709884, 0.03160691700759344, 0.04101345801609568, 0.04772220802260563, 0.058055083005456254, 0.06492741699912585, 0.07398295801249333, 0.08036425002501346, 0.09133916700375266, 0.09803029202157632, 0.10763095802394673, 0.11433779200888239, 0.12467429201933555, 0.13131525000790134, 0.14097687500179745, 0.1478572920022998, 0.15777570800855756, 0.16447133300243877, 0.17439154200837947, 0.18140629201661795, 0.19103504202212207, 0.19769908301532269, 0.20795300000463612, 0.2146463330136612, 0.2242549580114428, 0.23095683302381076, 0.24133854202227667, 0.24811941702500917, 0.2578330420074053, 0.2646952500217594, 0.2743750000081491, 0.2810628750012256, 0.29131575001520105, 0.298164458014071, 0.3075452920165844, 0.3146551670215558, 0.3244020830024965, 0.3311792919994332, 0.34103624999988824, 0.347746833023848, 0.35797566702240147, 0.36462812501122244, 0.3739409170229919, 0.3806422080087941, 0.3913190000166651, 0.39810795802623034, 0.40759141702437773, 0.41425387500203215, 0.4247314170061145, 0.43137591701815836, 0.4410835420130752, 0.4476924170157872, 0.4581005830259528, 0.46488233300624415, 0.4742762920213863, 0.48094395801308565, 0.4913277500018012, 0.49812866700813174, 0.5076422500133049, 0.5144416250113863, 0.5245630830177106, 0.5312459999986459, 0.5410960830049589, 0.5478680000232998, 0.5577249170164578, 0.5644027079979423, 0.5746069170127157, 0.5813725420157425, 0.591055958007928, 0.598318875010591, 0.6076426670188084, 0.614467458013678, 0.6244269169983454, 0.6311337080260273, 0.6411944580031559, 0.6493896250030957, 0.6571824580023531, 0.6642786250158679, 0.6753056670131627, 0.682377750024898, 0.6917187500221189, 0.6990301670157351, 0.7074601250060368, 0.7145036669971887, 0.7247592920030002, 0.7315282500057947, 0.7406376670114696, 0.7477153750078287, 0.7583822919987142, 0.7650876670086291, 0.7740421250055078, 0.7807810420054011, 0.7915192920190748, 0.7982178750098683, 0.8073594169982243, 0.8139794580056332, 0.824831208010437, 0.8314140000147745, 0.8432390000089072, 0.8505966670054477, 0.8570550000004005, 0.8635640420252457, 0.8745354580169078, 0.8811692919989582, 0.8908187920169439, 0.8980743330030236, 0.9078531670093071, 0.9144336669996846, 0.9254189170023892, 0.9322969170170836, 0.9412080830079503, 0.9485286670096684, 0.95798691699747, 0.9652101670217235, 0.9741035000188276, 0.9806892920169048, 0.9915183749981225, 0.9981246670067776, 1.0081554170174059, 1.0149346670077648, 1.0236860000004526, 1.0301847500086296, 1.0414665830030572, 1.0482830420078244, 1.0569818330113776]",[],,,,866883,2024-03-27_16h44.25.866,mouse_version_ibl,2023.2.3,None,2024-03-27 16h44.33.210224 +0100,
0.8,0.125,0,0,0,0,0,1,1,12,2.3859253749833442,,,,,,2.3711418329912703,2.4007649624142062,-1,0.8,-0.35,4.774268457986182,4.774297832977027,5.485638041980565,"[-0.35, -0.35, -0.35, -0.35, -0.35, -0.35, -0.35, -0.35, -0.35, -0.35, -0.35, -0.35, -0.35, -0.35, -0.35, -0.35, -0.35, -0.35, -0.35, -0.35, -0.35, -0.35, -0.35, -0.35, -0.35, -0.35, -0.35, -0.35, -0.35, -0.35, -0.35, -0.35, -0.35, -0.35, -0.35, -0.35, -0.35, -0.35, -0.35, -0.35, -0.35, -0.35, -0.35, -0.35, -0.35, -0.35, -0.35, -0.35, -0.35, -0.35, -0.35, -0.35, -0.35, -0.35, -0.35, -0.35, -0.35, -0.35, -0.35, -0.35, -0.35, -0.35, -0.35, -0.35, -0.35, -0.35, -0.35, -0.35, -0.35, -0.3377777777777778, -0.3244444444444444, -0.2911111111111111, -0.27444444444444444, -0.25555555555555554, -0.23666666666666666, -0.2011111111111111, -0.17, -0.13444444444444445, -0.10666666666666667, -0.09222222222222222, -0.06777777777777778, -0.04888888888888889, -0.03222222222222222]","[0.0, 0.0, 0.0, 0.0, 0.0, 0.0, 0.0, 0.0, 0.0, 0.0, 0.0, 0.0, 0.0, 0.0, 0.0, 0.0, 0.0, 0.0, 0.0, 0.0, 0.0, 0.0, 0.0, 0.0, 0.0, 0.0, 0.0, 0.0, 0.0, 0.0, 0.0, 0.0, 0.0, 0.0, 0.0, 0.0, 0.0, 0.0, 0.0, 0.0, 0.0, 0.0, 0.0, 0.0, 0.0, 0.0, 0.0, 0.0, 0.0, 0.0, 0.0, 0.0, 0.0, 0.0, 0.0, 0.0, 0.0, 0.0, 0.0, 0.0, 0.0, 0.0, 0.0, 0.0, 0.0, 0.0, 0.0, 0.0, 0.0, 0.0, 0.0011111111111111111, 0.0033333333333333335, 0.0033333333333333335, 0.0033333333333333335, 0.0033333333333333335, 0.0033333333333333335, 0.0033333333333333335, 0.0033333333333333335, 0.0033333333333333335, 0.0044444444444444444, 0.0044444444444444444, 0.006666666666666667, 0.006666666666666667]","[0, 0, 0, 0, 0, 0, 0, 0, 0, 0, 0, 0, 0, 0, 0, 0, 0, 0, 0, 0, 0, 0, 0, 0, 0, 0, 0, 0, 0, 0, 0, 0, 0, 0, 0, 0, 0, 0, 0, 0, 0, 0, 0, 0, 0, 0, 0, 0, 0, 0, 0, 0, 0, 0, 0, 0, 0, 0, 0, 0, 0, 0, 0, 0, 0, 0, 0, 0, 0, 0, 0, 0, 0, 0, 0, 0, 0, 0, 0, 0, 0, 0, 0]","[0, 0, 0, 0, 0, 0, 0, 0, 0, 0, 0, 0, 0, 0, 0, 0, 0, 0, 0, 0, 0, 0, 0, 0, 0, 0, 0, 0, 0, 0, 0, 0, 0, 0, 0, 0, 0, 0, 0, 0, 0, 0, 0, 0, 0, 0, 0, 0, 0, 0, 0, 0, 0, 0, 0, 0, 0, 0, 0, 0, 0, 0, 0, 0, 0, 0, 0, 0, 0, 0, 0, 0, 0, 0, 0, 0, 0, 0, 0, 0, 0, 0, 0]","[0, 0, 0, 0, 0, 0, 0, 0, 0, 0, 0, 0, 0, 0, 0, 0, 0, 0, 0, 0, 0, 0, 0, 0, 0, 0, 0, 0, 0, 0, 0, 0, 0, 0, 0, 0, 0, 0, 0, 0, 0, 0, 0, 0, 0, 0, 0, 0, 0, 0, 0, 0, 0, 0, 0, 0, 0, 0, 0, 0, 0, 0, 0, 0, 0, 0, 0, 0, 0, 0, 0, 0, 0, 0, 0, 0, 0, 0, 0, 0, 0, 0, 0]","[0.0005224159976933151, 0.010598166001727805, 0.025812708016019315, 0.033031375001883134, 0.04129962500883266, 0.0481543329951819, 0.05791999999200925, 0.06449045799672604, 0.07499283301876858, 0.08184666599845514, 0.09128074999898672, 0.09813433300587349, 0.1078990829992108, 0.1146100000187289, 0.12496516600367613, 0.13177304100827314, 0.14124962501227856, 0.14790916600031778, 0.15824945800704882, 0.1649622080149129, 0.17456837501958944, 0.1812640830175951, 0.1916860000055749, 0.19834208299289457, 0.20750070799840614, 0.21416241599945351, 0.22497141599887982, 0.23170045801089145, 0.24136137499590404, 0.24814595800125971, 0.25810429101693444, 0.26481008299742825, 0.2746847500093281, 0.28147333301603794, 0.29171516600763425, 0.29860070801805705, 0.3079150830162689, 0.3146453750086948, 0.3249474579934031, 0.33168512501288205, 0.34119075001217425, 0.34789258299861103, 0.3582346659968607, 0.36506391601869836, 0.3746951660141349, 0.38142212500679307, 0.3917149160115514, 0.3984176249941811, 0.4078867500065826, 0.4145209580019582, 0.42501816601725295, 0.4317554160079453, 0.44120862500858493, 0.4478767910040915, 0.45824941599857993, 0.4650204160134308, 0.4746223330148496, 0.4813094999990426, 0.4914834160008468, 0.4982229580054991, 0.507500625011744, 0.5142449999984819, 0.5249870410189033, 0.5318549580115359, 0.5413047909969464, 0.5479778330191039, 0.5582898330176249, 0.5654842079966329, 0.57437679101713, 0.5813190409971867, 0.5920026249950752, 0.5991545830038376, 0.607919791014865, 0.6148545000178274, 0.624168083013501, 0.6315261660201941, 0.6414447500137612, 0.6488831659953576, 0.6581510410178453, 0.6651439999986906, 0.6748108330066316, 0.6815163330174983, 0.6919203750148881]",[],,,,866883,2024-03-27_16h44.25.866,mouse_version_ibl,2023.2.3,None,2024-03-27 16h44.33.210224 +0100,
0.8,0.75,0,0,0,0,0,2,2,14,5.50218962499639,,,,,,5.487703582999529,2.173278848329063,1,0.8,0.35,7.668184874986764,7.668212832999416,8.301156916975742,"[0.35, 0.35, 0.35, 0.35, 0.35, 0.35, 0.35, 0.35, 0.35, 0.35, 0.35, 0.35, 0.35, 0.35, 0.35, 0.35, 0.35, 0.35, 0.35, 0.35, 0.35, 0.35, 0.35, 0.35, 0.35, 0.35, 0.35, 0.35, 0.35, 0.35, 0.35, 0.35, 0.35, 0.35, 0.35, 0.35, 0.35, 0.35, 0.35, 0.35, 0.35, 0.35, 0.35, 0.35, 0.35, 0.35, 0.35, 0.35, 0.34555555555555556, 0.3411111111111111, 0.3411111111111111, 0.33666666666666667, 0.32222222222222224, 0.31444444444444447, 0.30666666666666664, 0.29, 0.2611111111111111, 0.24, 0.21777777777777776, 0.20777777777777778, 0.18888888888888888, 0.17, 0.15333333333333332, 0.13666666666666666, 0.12111111111111111, 0.10666666666666667, 0.09444444444444444, 0.08333333333333333, 0.07, 0.07, 0.05555555555555555, 0.05555555555555555, 0.03777777777777778, 0.03111111111111111]","[0.0, 0.0, 0.0, 0.0, 0.0, 0.0, 0.0, 0.0, 0.0, 0.0, 0.0, 0.0, 0.0, 0.0, 0.0, 0.0, 0.0, 0.0, 0.0, 0.0, 0.0, 0.0, 0.0, 0.0, 0.0, 0.0, 0.0, 0.0, 0.0, 0.0, 0.0, 0.0, 0.0, 0.0, 0.0, 0.0, 0.0, 0.0, 0.0, 0.0, 0.0, 0.0, 0.0, 0.0, 0.0, 0.0, 0.0, 0.0, 0.0, 0.0, 0.0, 0.0, 0.0, 0.0011111111111111111, 0.0022222222222222222, 0.006666666666666667, 0.012222222222222223, 0.017777777777777778, 0.022222222222222223, 0.024444444444444446, 0.028888888888888888, 0.03333333333333333, 0.03777777777777778, 0.04111111111111111, 0.042222222222222223, 0.043333333333333335, 0.044444444444444446, 0.044444444444444446, 0.044444444444444446, 0.044444444444444446, 0.044444444444444446, 0.044444444444444446, 0.044444444444444446, 0.04555555555555556]","[0, 0, 0, 0, 0, 0, 0, 0, 0, 0, 0, 0, 0, 0, 0, 0, 0, 0, 0, 0, 0, 0, 0, 0, 0, 0, 0, 0, 0, 0, 0, 0, 0, 0, 0, 0, 0, 0, 0, 0, 0, 0, 0, 0, 0, 0, 0, 0, 0, 0, 0, 0, 0, 0, 0, 0, 0, 0, 0, 0, 0, 0, 0, 0, 0, 0, 0, 0, 0, 0, 0, 0, 0, 0]","[0, 0, 0, 0, 0, 0, 0, 0, 0, 0, 0, 0, 0, 0, 0, 0, 0, 0, 0, 0, 0, 0, 0, 0, 0, 0, 0, 0, 0, 0, 0, 0, 0, 0, 0, 0, 0, 0, 0, 0, 0, 0, 0, 0, 0, 0, 0, 0, 0, 0, 0, 0, 0, 0, 0, 0, 0, 0, 0, 0, 0, 0, 0, 0, 0, 0, 0, 0, 0, 0, 0, 0, 0, 0]","[0, 0, 0, 0, 0, 0, 0, 0, 0, 0, 0, 0, 0, 0, 0, 0, 0, 0, 0, 0, 0, 0, 0, 0, 0, 0, 0, 0, 0, 0, 0, 0, 0, 0, 0, 0, 0, 0, 0, 0, 0, 0, 0, 0, 0, 0, 0, 0, 0, 0, 0, 0, 0, 0, 0, 0, 0, 0, 0, 0, 0, 0, 0, 0, 0, 0, 0, 0, 0, 0, 0, 0, 0, 0]","[0.0005497919919434935, 0.010829208011273295, 0.017714667017571628, 0.03149049999774434, 0.03875229199184105, 0.046833000000333413, 0.05353129201103002, 0.06441587500739843, 0.07140091698965989, 0.08071675000246614, 0.0879520830058027, 0.09720420799567364, 0.10404545799246989, 0.1138758750166744, 0.12076441699173301, 0.130910625011893, 0.13818945799721405, 0.14737666700966656, 0.15464062499813735, 0.16386229201452807, 0.17067041699192487, 0.18068387499079108, 0.18776324999635108, 0.19693483301671222, 0.20391208300134167, 0.21406774999923073, 0.22111729200696573, 0.23069762499653734, 0.23764883299008943, 0.24737254201318137, 0.2544453330046963, 0.2639161669940222, 0.27067349999560975, 0.28081050000037067, 0.28781237499788404, 0.29720416700001806, 0.3039867920160759, 0.31425550000858493, 0.3214353749935981, 0.3305165829951875, 0.3372905419964809, 0.3472775830014143, 0.35409687500214204, 0.36386908299755305, 0.37061583300237544, 0.38061941700289026, 0.3872485420142766, 0.3981504999974277, 0.405661875003716, 0.4129715829913039, 0.4202713330159895, 0.4317370830103755, 0.4387598749890458, 0.44717237501754425, 0.45398895800462924, 0.4643107500160113, 0.47110049999901094, 0.47999183300998993, 0.48682233301224187, 0.49783212499460205, 0.5048550000065006, 0.5137347080162726, 0.5206670830084477, 0.5311514170025475, 0.5381849170080386, 0.5473795830039307, 0.5540773750108201, 0.5643630000122357, 0.571055417007301, 0.5803506250085775, 0.5871947919949889, 0.5978497920150403, 0.6049732500105165, 0.613390457991045]",[],,,,866883,2024-03-27_16h44.25.866,mouse_version_ibl,2023.2.3,None,2024-03-27 16h44.33.210224 +0100,
0.8,0.25,0,0,0,0,0,3,3,8,8.317266041995026,,,,,,8.302950124983909,2.2636545441102305,-1,0.8,-0.35,10.568283332977444,10.568312082992634,11.358636332995957,"[-0.35, -0.35, -0.35, -0.35, -0.35, -0.35, -0.35, -0.35, -0.35, -0.35, -0.35, -0.35, -0.35, -0.35, -0.35, -0.35, -0.35, -0.35, -0.35, -0.35, -0.35, -0.35, -0.35, -0.35, -0.35, -0.35, -0.35, -0.35, -0.35, -0.35, -0.35, -0.35, -0.35, -0.35, -0.35, -0.35, -0.35, -0.3488888888888889, -0.34555555555555556, -0.34, -0.3333333333333333, -0.32555555555555554, -0.31333333333333335, -0.3022222222222222, -0.2877777777777778, -0.27666666666666667, -0.26222222222222225, -0.2477777777777778, -0.21555555555555556, -0.19666666666666666, -0.19666666666666666, -0.16555555555555557, -0.1511111111111111, -0.14, -0.12777777777777777, -0.11777777777777777, -0.11444444444444445, -0.10888888888888888, -0.10333333333333333, -0.1, -0.09666666666666666, -0.09444444444444444, -0.09222222222222222, -0.09, -0.08888888888888889, -0.08777777777777777, -0.08444444444444445, -0.08444444444444445, -0.08333333333333333, -0.08222222222222222, -0.08222222222222222, -0.08222222222222222, -0.0811111111111111, -0.0811111111111111, -0.0811111111111111, -0.08, -0.07888888888888888, -0.07888888888888888, -0.07777777777777778, -0.07555555555555556, -0.07444444444444444, -0.07333333333333333, -0.07111111111111111, -0.06888888888888889, -0.06666666666666667, -0.06444444444444444, -0.058888888888888886, -0.058888888888888886, -0.04777777777777778, -0.04777777777777778, -0.03888888888888889, -0.035555555555555556, -0.03]","[0.0, 0.0, 0.0, 0.0, 0.0, 0.0, 0.0, 0.0, 0.0, 0.0, 0.0, 0.0, 0.0, 0.0, 0.0, 0.0, 0.0, 0.0, 0.0, 0.0, 0.0, 0.0, 0.0, 0.0, 0.0, 0.0, 0.0, 0.0, 0.0, 0.0, 0.0, 0.0, 0.0, 0.0, 0.0, 0.0, 0.0, 0.0, 0.0, 0.0, 0.0, 0.0, -0.0033333333333333335, -0.005555555555555556, -0.008888888888888889, -0.011111111111111112, -0.012222222222222223, -0.014444444444444444, -0.016666666666666666, -0.016666666666666666, -0.016666666666666666, -0.016666666666666666, -0.016666666666666666, -0.016666666666666666, -0.016666666666666666, -0.016666666666666666, -0.016666666666666666, -0.016666666666666666, -0.016666666666666666, -0.016666666666666666, -0.015555555555555555, -0.015555555555555555, -0.015555555555555555, -0.014444444444444444, -0.014444444444444444, -0.013333333333333334, -0.013333333333333334, -0.013333333333333334, -0.013333333333333334, -0.013333333333333334, -0.012222222222222223, -0.012222222222222223, -0.012222222222222223, -0.012222222222222223, -0.012222222222222223, -0.012222222222222223, -0.012222222222222223, -0.012222222222222223, -0.012222222222222223, -0.012222222222222223, -0.012222222222222223, -0.012222222222222223, -0.012222222222222223, -0.012222222222222223, -0.012222222222222223, -0.012222222222222223, -0.012222222222222223, -0.012222222222222223, -0.012222222222222223, -0.012222222222222223, -0.012222222222222223, -0.012222222222222223, -0.012222222222222223]","[0, 0, 0, 0, 0, 0, 0, 0, 0, 0, 0, 0, 0, 0, 0, 0, 0, 0, 0, 0, 0, 0, 0, 0, 0, 0, 0, 0, 0, 0, 0, 0, 0, 0, 0, 0, 0, 0, 0, 0, 0, 0, 0, 0, 0, 0, 0, 0, 0, 0, 0, 0, 0, 0, 0, 0, 0, 0, 0, 0, 0, 0, 0, 0, 0, 0, 0, 0, 0, 0, 0, 0, 0, 0, 0, 0, 0, 0, 0, 0, 0, 0, 0, 0, 0, 0, 0, 0, 0, 0, 0, 0, 0]","[0, 0, 0, 0, 0, 0, 0, 0, 0, 0, 0, 0, 0, 0, 0, 0, 0, 0, 0, 0, 0, 0, 0, 0, 0, 0, 0, 0, 0, 0, 0, 0, 0, 0, 0, 0, 0, 0, 0, 0, 0, 0, 0, 0, 0, 0, 0, 0, 0, 0, 0, 0, 0, 0, 0, 0, 0, 0, 0, 0, 0, 0, 0, 0, 0, 0, 0, 0, 0, 0, 0, 0, 0, 0, 0, 0, 0, 0, 0, 0, 0, 0, 0, 0, 0, 0, 0, 0, 0, 0, 0, 0, 0]","[0, 0, 0, 0, 0, 0, 0, 0, 0, 0, 0, 0, 0, 0, 0, 0, 0, 0, 0, 0, 0, 0, 0, 0, 0, 0, 0, 0, 0, 0, 0, 0, 0, 0, 0, 0, 0, 0, 0, 0, 0, 0, 0, 0, 0, 0, 0, 0, 0, 0, 0, 0, 0, 0, 0, 0, 0, 0, 0, 0, 0, 0, 0, 0, 0, 0, 0, 0, 0, 0, 0, 0, 0, 0, 0, 0, 0, 0, 0, 0, 0, 0, 0, 0, 0, 0, 0, 0, 0, 0, 0, 0, 0]","[0.0005253329873085022, 0.010383124987129122, 0.017972249974263832, 0.03229512498364784, 0.0398909579962492, 0.048357416002545506, 0.05523229099344462, 0.06486141600180417, 0.07170262499130331, 0.08170033298665658, 0.0883566249976866, 0.09832279098918661, 0.10502049999195151, 0.11498587499954738, 0.1217490829876624, 0.13185654097469524, 0.13859162500011735, 0.14818633298273198, 0.15490866597974673, 0.16527887497795746, 0.17203058299492113, 0.18107408299692906, 0.1877374579780735, 0.19864120800048113, 0.20547679098672234, 0.21486070798709989, 0.22158241597935557, 0.23192758299410343, 0.2387602499802597, 0.24790566597948782, 0.25466454098932445, 0.2651829579845071, 0.2720467909821309, 0.28151891598827206, 0.2882457499799784, 0.2987578749889508, 0.3062529999879189, 0.3148314999998547, 0.3226394160010386, 0.33208983298391104, 0.3391132499964442, 0.34847899997839704, 0.35533129097893834, 0.3652817499823868, 0.37206974998116493, 0.38130729098338634, 0.3880583749851212, 0.39890424997429363, 0.40640624999650754, 0.4142673749884125, 0.42087674999493174, 0.4317202499951236, 0.438200082979165, 0.44848187497700565, 0.45606995798880234, 0.4641719999781344, 0.47081249998882413, 0.4819732499890961, 0.48857812499045394, 0.4986244999745395, 0.5057815829932224, 0.5152552499785088, 0.5223056659742724, 0.5313136659970041, 0.5379495410015807, 0.5487194579909556, 0.5552547499828506, 0.5652926249895245, 0.5718897909973748, 0.5809579159831628, 0.5878261249745265, 0.5987431659887079, 0.6053417079965584, 0.6142773749888875, 0.6207724159758072, 0.6317040829744656, 0.6382380409922916, 0.6486827079788782, 0.6553641659847926, 0.6653241659805644, 0.6721976249828003, 0.6818717499845661, 0.6889526659797411, 0.6979922909813467, 0.7046068329946138, 0.7153495409875177, 0.7218569579999894, 0.7325457909901161, 0.7390224999981001, 0.7484958329878282, 0.7558097079745494, 0.7648164159909356, 0.771667915978469]",[],,,,866883,2024-03-27_16h44.25.866,mouse_version_ibl,2023.2.3,None,2024-03-27 16h44.33.210224 +0100,
0.8,0.125,0,0,0,0,0,4,4,2,11.37554862498655,,,,,,11.360832874983316,1.2258326059238045,-1,0.8,-0.35,12.58493758298573,12.584967291972134,13.258247999998275,"[-0.35, -0.35, -0.35, -0.35, -0.35, -0.35, -0.35, -0.35, -0.35, -0.35, -0.35, -0.35, -0.35, -0.35, -0.35, -0.35, -0.35, -0.35, -0.35, -0.35, -0.35, -0.35, -0.35, -0.35, -0.35, -0.35, -0.35, -0.35, -0.35, -0.35, -0.35, -0.35, -0.35, -0.35, -0.35, -0.35, -0.35, -0.35, -0.35, -0.35, -0.35, -0.35, -0.35, -0.35, -0.35, -0.35, -0.35, -0.35, -0.35, -0.35, -0.35, -0.35, -0.35, -0.35, -0.35, -0.35, -0.35, -0.3488888888888889, -0.32222222222222224, -0.32222222222222224, -0.29888888888888887, -0.2822222222222222, -0.2822222222222222, -0.22444444444444445, -0.2, -0.19, -0.1688888888888889, -0.14888888888888888, -0.13333333333333333, -0.11666666666666667, -0.1, -0.08555555555555555, -0.07222222222222222, -0.06666666666666667, -0.058888888888888886, -0.051111111111111114, -0.043333333333333335, -0.03666666666666667, -0.028888888888888888]","[0.0, 0.0, 0.0, 0.0, 0.0, 0.0, 0.0, 0.0, 0.0, 0.0, 0.0, 0.0, 0.0, 0.0, 0.0, 0.0, 0.0, 0.0, 0.0, 0.0, 0.0, 0.0, 0.0, 0.0, 0.0, 0.0, 0.0, 0.0, 0.0, 0.0, 0.0, 0.0, 0.0, 0.0, 0.0, 0.0, 0.0, 0.0, 0.0, 0.0, 0.0, 0.0, 0.0, 0.0, 0.0, 0.0, 0.0, 0.0, 0.0, 0.0, 0.0, 0.0, 0.0, 0.0, 0.0, 0.0, 0.0, 0.0, 0.0, 0.0, 0.0, 0.0033333333333333335, 0.0033333333333333335, 0.008888888888888889, 0.01, 0.01, 0.011111111111111112, 0.011111111111111112, 0.013333333333333334, 0.013333333333333334, 0.013333333333333334, 0.013333333333333334, 0.013333333333333334, 0.013333333333333334, 0.013333333333333334, 0.013333333333333334, 0.013333333333333334, 0.013333333333333334, 0.013333333333333334]","[0, 0, 0, 0, 0, 0, 0, 0, 0, 0, 0, 0, 0, 0, 0, 0, 0, 0, 0, 0, 0, 0, 0, 0, 0, 0, 0, 0, 0, 0, 0, 0, 0, 0, 0, 0, 0, 0, 0, 0, 0, 0, 0, 0, 0, 0, 0, 0, 0, 0, 0, 0, 0, 0, 0, 0, 0, 0, 0, 0, 0, 0, 0, 0, 0, 0, 0, 0, 0, 0, 0, 0, 0, 0, 0, 0, 0, 0, 0]","[0, 0, 0, 0, 0, 0, 0, 0, 0, 0, 0, 0, 0, 0, 0, 0, 0, 0, 0, 0, 0, 0, 0, 0, 0, 0, 0, 0, 0, 0, 0, 0, 0, 0, 0, 0, 0, 0, 0, 0, 0, 0, 0, 0, 0, 0, 0, 0, 0, 0, 0, 0, 0, 0, 0, 0, 0, 0, 0, 0, 0, 0, 0, 0, 0, 0, 0, 0, 0, 0, 0, 0, 0, 0, 0, 0, 0, 0, 0]","[0, 0, 0, 0, 0, 0, 0, 0, 0, 0, 0, 0, 0, 0, 0, 0, 0, 0, 0, 0, 0, 0, 0, 0, 0, 0, 0, 0, 0, 0, 0, 0, 0, 0, 0, 0, 0, 0, 0, 0, 0, 0, 0, 0, 0, 0, 0, 0, 0, 0, 0, 0, 0, 0, 0, 0, 0, 0, 0, 0, 0, 0, 0, 0, 0, 0, 0, 0, 0, 0, 0, 0, 0, 0, 0, 0, 0, 0, 0]","[0.0004932500014547259, 0.010016957996413112, 0.018179000006057322, 0.03301887499401346, 0.04032054200069979, 0.048874333006097004, 0.05576441698940471, 0.06596945799537934, 0.07270391698693857, 0.08231674999115057, 0.08899354198365472, 0.09924416700960137, 0.10591520799789578, 0.11574958299752325, 0.1223754579841625, 0.1325784999935422, 0.13924233301077038, 0.14889433298958465, 0.155561082996428, 0.1660231669957284, 0.17284191699582152, 0.1822782079980243, 0.1891597920039203, 0.19893183300155215, 0.20557016698876396, 0.2159549999923911, 0.22262604199931957, 0.23229479198926128, 0.23906975000863895, 0.24940558298840187, 0.2560446249844972, 0.2654354999831412, 0.2719419579952955, 0.28255954198539257, 0.2889071670069825, 0.2989154579991009, 0.30561720801051706, 0.31596637499751523, 0.322487875004299, 0.3327072499960195, 0.3393324170028791, 0.34895349998259917, 0.3556877500086557, 0.3659834999998566, 0.3725562499894295, 0.3825985419971403, 0.3893366669944953, 0.39926179198664613, 0.4059312919853255, 0.41556900000432506, 0.4223446249961853, 0.4327536670025438, 0.43944266700418666, 0.44856445799814537, 0.45518008299404755, 0.46599133301060647, 0.4731503750081174, 0.48253783298423514, 0.4896127500105649, 0.4988521669874899, 0.5056920830102172, 0.5151522079831921, 0.522102916991571, 0.5326242919836659, 0.5398594579892233, 0.548852000007173, 0.5558789169881493, 0.5657660829892848, 0.572694375005085, 0.5829822079977021, 0.5897883749858011, 0.5999504170031287, 0.6065587080083787, 0.6157110829954036, 0.6221860829973593, 0.6328762079938315, 0.6395140829845332, 0.6491335419996176, 0.6555872919852845]",[],,,,866883,2024-03-27_16h44.25.866,mouse_version_ibl,2023.2.3,None,2024-03-27 16h44.33.210224 +0100,
0.8,0.125,0,0,0,0,0,5,5,7,13.27415858299355,,,,,,13.260126874985872,1.2441122691868314,1,0.8,0.35,14.501586791971931,14.501613749976968,15.15943149998202,"[0.35, 0.35, 0.35, 0.35, 0.35, 0.35, 0.35, 0.35, 0.35, 0.35, 0.35, 0.35, 0.35, 0.35, 0.35, 0.35, 0.35, 0.35, 0.35, 0.35, 0.35, 0.35, 0.35, 0.35, 0.35, 0.35, 0.35, 0.35, 0.35, 0.35, 0.35, 0.35, 0.35, 0.35, 0.35, 0.35, 0.35, 0.35, 0.35, 0.35, 0.35, 0.35, 0.35, 0.35, 0.35, 0.35, 0.35, 0.35, 0.35, 0.35, 0.35, 0.35, 0.35, 0.35, 0.35, 0.35, 0.35, 0.35, 0.35, 0.34, 0.34, 0.33, 0.30666666666666664, 0.29444444444444445, 0.28, 0.28, 0.2411111111111111, 0.21333333333333335, 0.18222222222222223, 0.15333333333333332, 0.14222222222222222, 0.11666666666666667, 0.09444444444444444, 0.07333333333333333, 0.056666666666666664, 0.05, 0.028888888888888888]","[0.0, 0.0, 0.0, 0.0, 0.0, 0.0, 0.0, 0.0, 0.0, 0.0, 0.0, 0.0, 0.0, 0.0, 0.0, 0.0, 0.0, 0.0, 0.0, 0.0, 0.0, 0.0, 0.0, 0.0, 0.0, 0.0, 0.0, 0.0, 0.0, 0.0, 0.0, 0.0, 0.0, 0.0, 0.0, 0.0, 0.0, 0.0, 0.0, 0.0, 0.0, 0.0, 0.0, 0.0, 0.0, 0.0, 0.0, 0.0, 0.0, 0.0, 0.0, 0.0, 0.0, 0.0, 0.0, 0.0, 0.0, 0.0, 0.0, 0.0, 0.0, 0.0, 0.0, -0.0022222222222222222, -0.0033333333333333335, -0.0033333333333333335, -0.0077777777777777776, -0.008888888888888889, -0.008888888888888889, -0.008888888888888889, -0.008888888888888889, -0.008888888888888889, -0.008888888888888889, -0.0077777777777777776, -0.005555555555555556, -0.005555555555555556, -0.0011111111111111111]","[0, 0, 0, 0, 0, 0, 0, 0, 0, 0, 0, 0, 0, 0, 0, 0, 0, 0, 0, 0, 0, 0, 0, 0, 0, 0, 0, 0, 0, 0, 0, 0, 0, 0, 0, 0, 0, 0, 0, 0, 0, 0, 0, 0, 0, 0, 0, 0, 0, 0, 0, 0, 0, 0, 0, 0, 0, 0, 0, 0, 0, 0, 0, 0, 0, 0, 0, 0, 0, 0, 0, 0, 0, 0, 0, 0, 0]","[0, 0, 0, 0, 0, 0, 0, 0, 0, 0, 0, 0, 0, 0, 0, 0, 0, 0, 0, 0, 0, 0, 0, 0, 0, 0, 0, 0, 0, 0, 0, 0, 0, 0, 0, 0, 0, 0, 0, 0, 0, 0, 0, 0, 0, 0, 0, 0, 0, 0, 0, 0, 0, 0, 0, 0, 0, 0, 0, 0, 0, 0, 0, 0, 0, 0, 0, 0, 0, 0, 0, 0, 0, 0, 0, 0, 0]","[0, 0, 0, 0, 0, 0, 0, 0, 0, 0, 0, 0, 0, 0, 0, 0, 0, 0, 0, 0, 0, 0, 0, 0, 0, 0, 0, 0, 0, 0, 0, 0, 0, 0, 0, 0, 0, 0, 0, 0, 0, 0, 0, 0, 0, 0, 0, 0, 0, 0, 0, 0, 0, 0, 0, 0, 0, 0, 0, 0, 0, 0, 0, 0, 0, 0, 0, 0, 0, 0, 0, 0, 0, 0, 0, 0, 0]","[0.0005133750091772527, 0.010234375018626451, 0.017770583013771102, 0.03231800001231022, 0.03912241701618768, 0.04821166701731272, 0.05493770801695064, 0.06530937500065193, 0.07205929199699312, 0.08151420799549669, 0.0881912500190083, 0.09858166699996218, 0.10529550001956522, 0.11541137500898913, 0.12244075001217425, 0.13158766701235436, 0.13844204202177934, 0.14859829199849628, 0.1552036670036614, 0.16499175000353716, 0.17151612500310875, 0.18196058299508877, 0.1886387919948902, 0.19824554200749844, 0.2048514579946641, 0.21529108300455846, 0.22186537500238046, 0.23122233300819062, 0.2379549580218736, 0.24862979201134294, 0.25540258301771246, 0.2648385420034174, 0.27156270801788196, 0.281884333002381, 0.28903929199441336, 0.2979047080152668, 0.30472004201146774, 0.3152755420014728, 0.3220537080196664, 0.3315977500169538, 0.33828429199638776, 0.3487160830118228, 0.35547345801023766, 0.36452666702098213, 0.3711822920013219, 0.3820240829954855, 0.3886879170022439, 0.3982235830044374, 0.40492554201046005, 0.41533533300389536, 0.422031333000632, 0.4315637079998851, 0.43835129201761447, 0.44860508301644586, 0.4554631250211969, 0.4649301250174176, 0.4716390420217067, 0.48198745801346377, 0.4893901250034105, 0.4978418750106357, 0.5049392500077374, 0.5156847500184085, 0.5230087079980876, 0.5311053750046995, 0.5380299999960698, 0.548979583021719, 0.555454582994571, 0.564436917018611, 0.5713143330067396, 0.58234895800706, 0.5893989580217749, 0.5987531249993481, 0.6060720420209691, 0.6153918330091983, 0.6223851670220029, 0.6320393329951912, 0.639284958015196]",[],,,,866883,2024-03-27_16h44.25.866,mouse_version_ibl,2023.2.3,None,2024-03-27 16h44.33.210224 +0100,
0.8,0.0625,0,0,0,0,0,6,6,11,15.175939707987709,,,,,,15.161257457977626,1.3743743477204364,-1,0.8,-0.35,16.53521891697892,16.535245124978246,16.984645666991128,"[-0.35, -0.35, -0.35, -0.35, -0.35, -0.35, -0.35, -0.35, -0.35, -0.35, -0.35, -0.35, -0.35, -0.35, -0.35, -0.35, -0.35, -0.35, -0.35, -0.35, -0.35, -0.35, -0.35, -0.35, -0.35, -0.35, -0.35, -0.35, -0.35, -0.35, -0.35, -0.35, -0.35, -0.35, -0.35, -0.35, -0.3477777777777778, -0.3433333333333333, -0.33666666666666667, -0.3288888888888889, -0.31444444444444447, -0.3055555555555556, -0.2733333333333333, -0.24888888888888888, -0.18888888888888888, -0.18888888888888888, -0.13333333333333333, -0.13333333333333333, -0.09, -0.09, -0.04555555555555556, -0.028888888888888888]","[0.0, 0.0, 0.0, 0.0, 0.0, 0.0, 0.0, 0.0, 0.0, 0.0, 0.0, 0.0, 0.0, 0.0, 0.0, 0.0, 0.0, 0.0, 0.0, 0.0, 0.0, 0.0, 0.0, 0.0, 0.0, 0.0, 0.0, 0.0, 0.0, 0.0, 0.0, 0.0, 0.0, 0.0, 0.0, 0.0, 0.0, 0.0, 0.0, -0.0022222222222222222, -0.005555555555555556, -0.0077777777777777776, -0.011111111111111112, -0.014444444444444444, -0.017777777777777778, -0.017777777777777778, -0.02, -0.02, -0.02, -0.02, -0.02, -0.02]","[0, 0, 0, 0, 0, 0, 0, 0, 0, 0, 0, 0, 0, 0, 0, 0, 0, 0, 0, 0, 0, 0, 0, 0, 0, 0, 0, 0, 0, 0, 0, 0, 0, 0, 0, 0, 0, 0, 0, 0, 0, 0, 0, 0, 0, 0, 0, 0, 0, 0, 0, 0]","[0, 0, 0, 0, 0, 0, 0, 0, 0, 0, 0, 0, 0, 0, 0, 0, 0, 0, 0, 0, 0, 0, 0, 0, 0, 0, 0, 0, 0, 0, 0, 0, 0, 0, 0, 0, 0, 0, 0, 0, 0, 0, 0, 0, 0, 0, 0, 0, 0, 0, 0, 0]","[0, 0, 0, 0, 0, 0, 0, 0, 0, 0, 0, 0, 0, 0, 0, 0, 0, 0, 0, 0, 0, 0, 0, 0, 0, 0, 0, 0, 0, 0, 0, 0, 0, 0, 0, 0, 0, 0, 0, 0, 0, 0, 0, 0, 0, 0, 0, 0, 0, 0, 0, 0]","[0.000519749999511987, 0.010261916002491489, 0.01740366601734422, 0.032119707990204915, 0.039486791007220745, 0.04797129100188613, 0.05469166600960307, 0.0649923330056481, 0.07170687499456108, 0.08140066600753926, 0.08863762501277961, 0.09798495800350793, 0.1048382080043666, 0.11461062499438412, 0.12143995799124241, 0.13171512499684468, 0.13843350001843646, 0.1479815829952713, 0.1548108750139363, 0.1650216249981895, 0.17167516599874943, 0.1812880409997888, 0.18788341601612046, 0.19829537501209415, 0.20503400001325645, 0.21499204100109637, 0.22172187501564622, 0.23123887501424178, 0.2380815829965286, 0.2483746660000179, 0.25509200000669807, 0.26419704101863317, 0.27078758299467154, 0.28179637499852106, 0.289234291005414, 0.29794858300010674, 0.3059470000152942, 0.31501608301186934, 0.322410624998156, 0.33117745799245313, 0.3382937909918837, 0.3477812079945579, 0.35477262499625795, 0.3652867909986526, 0.3721259580051992, 0.38176458299858496, 0.3888682910182979, 0.39840541599551216, 0.405514874990331, 0.41512250000960194, 0.4218293750018347, 0.4309542500122916]",[],,,,866883,2024-03-27_16h44.25.866,mouse_version_ibl,2023.2.3,None,2024-03-27 16h44.33.210224 +0100,
0.8,0.0625,0,0,0,0,0,7,7,1,17.000628707988653,,,,,,16.98623287497321,1.6405506856059449,1,0.8,0.35,18.62440487497952,18.62443029199494,19.125325957982568,"[0.35, 0.35, 0.35, 0.35, 0.35, 0.35, 0.35, 0.35, 0.35, 0.35, 0.35, 0.35, 0.35, 0.35, 0.35, 0.35, 0.35, 0.35, 0.35, 0.35, 0.35, 0.35, 0.35, 0.35, 0.35, 0.35, 0.35, 0.35, 0.35, 0.35, 0.35, 0.35, 0.35, 0.35, 0.35, 0.35, 0.35, 0.35, 0.35, 0.35, 0.3488888888888889, 0.3411111111111111, 0.3333333333333333, 0.3233333333333333, 0.3111111111111111, 0.3022222222222222, 0.29444444444444445, 0.24888888888888888, 0.24888888888888888, 0.20555555555555555, 0.20555555555555555, 0.17333333333333334, 0.17333333333333334, 0.10555555555555556, 0.0811111111111111, 0.0811111111111111, 0.04666666666666667, 0.027777777777777776]","[0.0, 0.0, 0.0, 0.0, 0.0, 0.0, 0.0, 0.0, 0.0, 0.0, 0.0, 0.0, 0.0, 0.0, 0.0, 0.0, 0.0, 0.0, 0.0, 0.0, 0.0, 0.0, 0.0, 0.0, 0.0, 0.0, 0.0, 0.0, 0.0, 0.0, 0.0, 0.0, 0.0, 0.0, 0.0, 0.0, 0.0, 0.0, 0.0, 0.0, 0.0, 0.0, 0.0011111111111111111, 0.0022222222222222222, 0.0033333333333333335, 0.0044444444444444444, 0.005555555555555556, 0.01, 0.01, 0.011111111111111112, 0.011111111111111112, 0.011111111111111112, 0.011111111111111112, 0.011111111111111112, 0.011111111111111112, 0.011111111111111112, 0.011111111111111112, 0.011111111111111112]","[0, 0, 0, 0, 0, 0, 0, 0, 0, 0, 0, 0, 0, 0, 0, 0, 0, 0, 0, 0, 0, 0, 0, 0, 0, 0, 0, 0, 0, 0, 0, 0, 0, 0, 0, 0, 0, 0, 0, 0, 0, 0, 0, 0, 0, 0, 0, 0, 0, 0, 0, 0, 0, 0, 0, 0, 0, 0]","[0, 0, 0, 0, 0, 0, 0, 0, 0, 0, 0, 0, 0, 0, 0, 0, 0, 0, 0, 0, 0, 0, 0, 0, 0, 0, 0, 0, 0, 0, 0, 0, 0, 0, 0, 0, 0, 0, 0, 0, 0, 0, 0, 0, 0, 0, 0, 0, 0, 0, 0, 0, 0, 0, 0, 0, 0, 0]","[0, 0, 0, 0, 0, 0, 0, 0, 0, 0, 0, 0, 0, 0, 0, 0, 0, 0, 0, 0, 0, 0, 0, 0, 0, 0, 0, 0, 0, 0, 0, 0, 0, 0, 0, 0, 0, 0, 0, 0, 0, 0, 0, 0, 0, 0, 0, 0, 0, 0, 0, 0, 0, 0, 0, 0, 0, 0]","[0.0005531250208150595, 0.011056375020416453, 0.026321792014641687, 0.033205792016815394, 0.04237729200394824, 0.049630959023488685, 0.05886695900699124, 0.06559691700385883, 0.07589641702361405, 0.08269354200456291, 0.09239791700383648, 0.0997660840221215, 0.10886008400120772, 0.11564950001775287, 0.1259658340131864, 0.13275629200506955, 0.14219170901924372, 0.1489966670051217, 0.15846787500777282, 0.16516958401189186, 0.1758744170074351, 0.18265250002150424, 0.19218437501695007, 0.1988550420210231, 0.20920475001912564, 0.21600829201634042, 0.22548254200955853, 0.2321189170179423, 0.24255437499959953, 0.24933074999717064, 0.25886266701854765, 0.26554687501629815, 0.2758937500184402, 0.28269300001556985, 0.2921851249993779, 0.2989648340153508, 0.30913916701683775, 0.3157914589974098, 0.32519562501693144, 0.33243458400829695, 0.3427160000137519, 0.3500832919962704, 0.3592777500161901, 0.3662143750116229, 0.37530637500458397, 0.38218549999874085, 0.3928355000098236, 0.3997737920144573, 0.4090987500094343, 0.41586612499668263, 0.42606287501985207, 0.4322727500111796, 0.4427319170208648, 0.44920062500750646, 0.4583394170040265, 0.4649429999990389, 0.47604175002197735, 0.48258058400824666]",[],,,,866883,2024-03-27_16h44.25.866,mouse_version_ibl,2023.2.3,None,2024-03-27 16h44.33.210224 +0100,
0.8,0.75,0,0,0,0,0,8,8,4,19.14213799999561,,,,,,19.12688904197421,1.5478894304338136,-1,0.8,-0.35,20.67349733298761,20.673522916971706,21.11803533299826,"[-0.35, -0.35, -0.35, -0.35, -0.35, -0.35, -0.35, -0.35, -0.35, -0.35, -0.35, -0.35, -0.35, -0.35, -0.35, -0.35, -0.35, -0.35, -0.35, -0.35, -0.35, -0.35, -0.35, -0.35, -0.35, -0.35, -0.35, -0.35, -0.35, -0.35, -0.35, -0.35, -0.35, -0.35, -0.35, -0.35, -0.3422222222222222, -0.33444444444444443, -0.3244444444444444, -0.3244444444444444, -0.3011111111111111, -0.27555555555555555, -0.24444444444444444, -0.21666666666666667, -0.18444444444444444, -0.15333333333333332, -0.12444444444444444, -0.1111111111111111, -0.08555555555555555, -0.06444444444444444, -0.042222222222222223, -0.023333333333333334]","[0.0, 0.0, 0.0, 0.0, 0.0, 0.0, 0.0, 0.0, 0.0, 0.0, 0.0, 0.0, 0.0, 0.0, 0.0, 0.0, 0.0, 0.0, 0.0, 0.0, 0.0, 0.0, 0.0, 0.0, 0.0, 0.0, 0.0, 0.0, 0.0, 0.0, 0.0, 0.0, 0.0, 0.0, 0.0, 0.0, 0.0, 0.0, 0.0, 0.0, 0.0, 0.0, 0.0, 0.0, 0.0, 0.0, 0.0, 0.0011111111111111111, 0.0022222222222222222, 0.0044444444444444444, 0.006666666666666667, 0.008888888888888889]","[0, 0, 0, 0, 0, 0, 0, 0, 0, 0, 0, 0, 0, 0, 0, 0, 0, 0, 0, 0, 0, 0, 0, 0, 0, 0, 0, 0, 0, 0, 0, 0, 0, 0, 0, 0, 0, 0, 0, 0, 0, 0, 0, 0, 0, 0, 0, 0, 0, 0, 0, 0]","[0, 0, 0, 0, 0, 0, 0, 0, 0, 0, 0, 0, 0, 0, 0, 0, 0, 0, 0, 0, 0, 0, 0, 0, 0, 0, 0, 0, 0, 0, 0, 0, 0, 0, 0, 0, 0, 0, 0, 0, 0, 0, 0, 0, 0, 0, 0, 0, 0, 0, 0, 0]","[0, 0, 0, 0, 0, 0, 0, 0, 0, 0, 0, 0, 0, 0, 0, 0, 0, 0, 0, 0, 0, 0, 0, 0, 0, 0, 0, 0, 0, 0, 0, 0, 0, 0, 0, 0, 0, 0, 0, 0, 0, 0, 0, 0, 0, 0, 0, 0, 0, 0, 0, 0]","[0.0005039579991716892, 0.010546707984758541, 0.017508290999103338, 0.027073374978499487, 0.03381433300091885, 0.04409754098742269, 0.050757499993778765, 0.06037991598714143, 0.06704120797803625, 0.0774061249976512, 0.08410241597448476, 0.0936882909736596, 0.10047345797647722, 0.11141404099180363, 0.11852841600193642, 0.12667425000108778, 0.13330312498146668, 0.14411649998510256, 0.15077462498447858, 0.1604174159874674, 0.16704066598322242, 0.17744504098664038, 0.18419025000184774, 0.19389899997622706, 0.20105174998752773, 0.21083129098406062, 0.2191798749845475, 0.22663129097782075, 0.2340577909781132, 0.24343166599282995, 0.2503600829804782, 0.2608212499762885, 0.2671991659735795, 0.27730724998400547, 0.28369158299756236, 0.2948868749954272, 0.30152549999183975, 0.3099294579878915, 0.3167853329796344, 0.32799545797752216, 0.3347789580002427, 0.3435780409781728, 0.35085395799251273, 0.36030695799854584, 0.36724929098272696, 0.37733229098375887, 0.38424933300120756, 0.39369337499374524, 0.4011146659904625, 0.41079041597549804, 0.4176753749779891, 0.42679095797939226]",[],,,,866883,2024-03-27_16h44.25.866,mouse_version_ibl,2023.2.3,None,2024-03-27 16h44.33.210224 +0100,
0.8,0.03,0,0,0,0,0,9,9,10,21.134045332990354,,,,,,21.119605166983092,1.9174834755483572,1,0.8,0.35,23.03482666698983,23.034849416988436,23.752118749980582,"[0.35, 0.35, 0.35, 0.35, 0.35, 0.35, 0.35, 0.35, 0.35, 0.35, 0.35, 0.35, 0.35, 0.35, 0.35, 0.35, 0.35, 0.35, 0.35, 0.35, 0.35, 0.35, 0.35, 0.35, 0.35, 0.35, 0.35, 0.35, 0.35, 0.35, 0.35, 0.35, 0.35, 0.35, 0.35, 0.35, 0.35, 0.3488888888888889, 0.3477777777777778, 0.3466666666666667, 0.3411111111111111, 0.33666666666666667, 0.3288888888888889, 0.3188888888888889, 0.30666666666666664, 0.29333333333333333, 0.2677777777777778, 0.22666666666666666, 0.22666666666666666, 0.2011111111111111, 0.2011111111111111, 0.16777777777777778, 0.16777777777777778, 0.14, 0.12555555555555556, 0.11444444444444445, 0.1111111111111111, 0.10111111111111111, 0.09333333333333334, 0.08777777777777777, 0.08333333333333333, 0.07888888888888888, 0.07666666666666666, 0.07222222222222222, 0.07111111111111111, 0.06888888888888889, 0.06666666666666667, 0.06222222222222222, 0.06222222222222222, 0.058888888888888886, 0.058888888888888886, 0.05555555555555555, 0.05333333333333334, 0.051111111111111114, 0.051111111111111114, 0.04888888888888889, 0.04777777777777778, 0.04777777777777778, 0.04555555555555556, 0.044444444444444446, 0.043333333333333335, 0.04111111111111111, 0.03888888888888889, 0.03666666666666667, 0.03222222222222222]","[0.0, 0.0, 0.0, 0.0, 0.0, 0.0, 0.0, 0.0, 0.0, 0.0, 0.0, 0.0, 0.0, 0.0, 0.0, 0.0, 0.0, 0.0, 0.0, 0.0, 0.0, 0.0, 0.0, 0.0, 0.0, 0.0, 0.0, 0.0, 0.0, 0.0, 0.0, 0.0, 0.0, 0.0, 0.0, 0.0, 0.0, 0.0, 0.0, 0.0, 0.0, 0.0011111111111111111, 0.0011111111111111111, 0.0011111111111111111, 0.0022222222222222222, 0.0044444444444444444, 0.006666666666666667, 0.011111111111111112, 0.011111111111111112, 0.013333333333333334, 0.013333333333333334, 0.016666666666666666, 0.016666666666666666, 0.01888888888888889, 0.02, 0.021111111111111112, 0.021111111111111112, 0.022222222222222223, 0.022222222222222223, 0.022222222222222223, 0.023333333333333334, 0.023333333333333334, 0.023333333333333334, 0.023333333333333334, 0.023333333333333334, 0.023333333333333334, 0.023333333333333334, 0.023333333333333334, 0.023333333333333334, 0.023333333333333334, 0.023333333333333334, 0.023333333333333334, 0.022222222222222223, 0.022222222222222223, 0.022222222222222223, 0.021111111111111112, 0.021111111111111112, 0.021111111111111112, 0.021111111111111112, 0.021111111111111112, 0.021111111111111112, 0.021111111111111112, 0.02, 0.02, 0.02]","[0, 0, 0, 0, 0, 0, 0, 0, 0, 0, 0, 0, 0, 0, 0, 0, 0, 0, 0, 0, 0, 0, 0, 0, 0, 0, 0, 0, 0, 0, 0, 0, 0, 0, 0, 0, 0, 0, 0, 0, 0, 0, 0, 0, 0, 0, 0, 0, 0, 0, 0, 0, 0, 0, 0, 0, 0, 0, 0, 0, 0, 0, 0, 0, 0, 0, 0, 0, 0, 0, 0, 0, 0, 0, 0, 0, 0, 0, 0, 0, 0, 0, 0, 0, 0]","[0, 0, 0, 0, 0, 0, 0, 0, 0, 0, 0, 0, 0, 0, 0, 0, 0, 0, 0, 0, 0, 0, 0, 0, 0, 0, 0, 0, 0, 0, 0, 0, 0, 0, 0, 0, 0, 0, 0, 0, 0, 0, 0, 0, 0, 0, 0, 0, 0, 0, 0, 0, 0, 0, 0, 0, 0, 0, 0, 0, 0, 0, 0, 0, 0, 0, 0, 0, 0, 0, 0, 0, 0, 0, 0, 0, 0, 0, 0, 0, 0, 0, 0, 0, 0]","[0, 0, 0, 0, 0, 0, 0, 0, 0, 0, 0, 0, 0, 0, 0, 0, 0, 0, 0, 0, 0, 0, 0, 0, 0, 0, 0, 0, 0, 0, 0, 0, 0, 0, 0, 0, 0, 0, 0, 0, 0, 0, 0, 0, 0, 0, 0, 0, 0, 0, 0, 0, 0, 0, 0, 0, 0, 0, 0, 0, 0, 0, 0, 0, 0, 0, 0, 0, 0, 0, 0, 0, 0, 0, 0, 0, 0, 0, 0, 0, 0, 0, 0, 0, 0]","[0.0009813329961616546, 0.010446249973028898, 0.017920457990840077, 0.02502366597764194, 0.03414033298031427, 0.04065254097804427, 0.05158037497312762, 0.05845254097948782, 0.06729287499911152, 0.0739845409989357, 0.08474895797553472, 0.09153487498406321, 0.10100808297283947, 0.10773145797429606, 0.11802174997865222, 0.12487079098355025, 0.13429916597669944, 0.14104908297304064, 0.15128633298445493, 0.1580795829941053, 0.1676300829858519, 0.17434299999149516, 0.1847760829841718, 0.1914112499798648, 0.20103937498060986, 0.20771479097311385, 0.21803020799416117, 0.22469299999647774, 0.23471737498766743, 0.2413842499954626, 0.2509861659782473, 0.25749783299397677, 0.26815658298437484, 0.2749155409983359, 0.28431399998953566, 0.2910657079773955, 0.3018155829922762, 0.3093725409999024, 0.3172850829723757, 0.3248362079903018, 0.33534816597239114, 0.34238820799509995, 0.3512547909922432, 0.3581749999721069, 0.36797024999395944, 0.37478412498603575, 0.3848359999828972, 0.3916317909897771, 0.40185287498752587, 0.40825679097906686, 0.4174498329812195, 0.42398112497176044, 0.43512408298556693, 0.4414616249850951, 0.45039958297275007, 0.4569306249904912, 0.46794874998158775, 0.47520149999763817, 0.4846436249790713, 0.49152429099194705, 0.5007682079740334, 0.5074327909969725, 0.5181091249978635, 0.524737624975387, 0.5347339999862015, 0.5413406249717809, 0.5514584159827791, 0.5580403749772813, 0.5680659999779891, 0.5745436659781262, 0.5848350829910487, 0.5918006659776438, 0.6005067499936558, 0.6073560829972848, 0.6178111659828573, 0.6245124579872936, 0.6345165409729816, 0.6413023749773856, 0.6514134999888483, 0.6579435409803409, 0.6683694159728475, 0.6750484159856569, 0.6843954999931157, 0.6912042909825686, 0.701494749984704]",[],,,,866883,2024-03-27_16h44.25.866,mouse_version_ibl,2023.2.3,None,2024-03-27 16h44.33.210224 +0100,
0.8,0.03,0,0,0,0,0,10,10,5,23.768366749980487,,,,,,23.754107499989914,2.516738025102194,-1,0.8,-0.35,26.268490416987333,26.268522207974456,27.008987707988126,"[-0.35, -0.35, -0.35, -0.35, -0.35, -0.35, -0.35, -0.35, -0.35, -0.35, -0.35, -0.35, -0.35, -0.35, -0.35, -0.35, -0.35, -0.35, -0.35, -0.35, -0.35, -0.35, -0.35, -0.35, -0.35, -0.35, -0.35, -0.35, -0.35, -0.35, -0.35, -0.35, -0.35, -0.35, -0.35, -0.35, -0.35, -0.35, -0.35, -0.35, -0.35, -0.35, -0.35, -0.35, -0.35, -0.3466666666666667, -0.34444444444444444, -0.3411111111111111, -0.3411111111111111, -0.33444444444444443, -0.3244444444444444, -0.31222222222222223, -0.2911111111111111, -0.2833333333333333, -0.26666666666666666, -0.25, -0.23333333333333334, -0.21666666666666667, -0.2011111111111111, -0.18444444444444444, -0.15666666666666668, -0.15666666666666668, -0.13444444444444445, -0.13444444444444445, -0.11555555555555555, -0.10555555555555556, -0.10222222222222223, -0.09555555555555556, -0.09, -0.08444444444444445, -0.08, -0.07555555555555556, -0.07111111111111111, -0.06777777777777778, -0.06555555555555556, -0.06333333333333334, -0.06, -0.057777777777777775, -0.05444444444444444, -0.051111111111111114, -0.04777777777777778, -0.04555555555555556, -0.04, -0.04, -0.035555555555555556, -0.035555555555555556, -0.03222222222222222]","[0.0, 0.0, 0.0, 0.0, 0.0, 0.0, 0.0, 0.0, 0.0, 0.0, 0.0, 0.0, 0.0, 0.0, 0.0, 0.0, 0.0, 0.0, 0.0, 0.0, 0.0, 0.0, 0.0, 0.0, 0.0, 0.0, 0.0, 0.0, 0.0, 0.0, 0.0, 0.0, 0.0, 0.0, 0.0, 0.0, 0.0, 0.0, 0.0, 0.0, 0.0, 0.0, 0.0, 0.0, 0.0, 0.0, 0.0, 0.0, 0.0, -0.0022222222222222222, -0.0033333333333333335, -0.0033333333333333335, -0.0033333333333333335, -0.0033333333333333335, -0.0033333333333333335, -0.0033333333333333335, -0.0033333333333333335, -0.0033333333333333335, -0.0033333333333333335, -0.0033333333333333335, -0.0033333333333333335, -0.0033333333333333335, -0.0033333333333333335, -0.0033333333333333335, -0.0022222222222222222, -0.0022222222222222222, -0.0022222222222222222, -0.0022222222222222222, -0.0022222222222222222, -0.0022222222222222222, -0.0022222222222222222, -0.0022222222222222222, -0.0022222222222222222, -0.0022222222222222222, -0.0022222222222222222, -0.0022222222222222222, -0.0022222222222222222, -0.0022222222222222222, -0.0022222222222222222, -0.0022222222222222222, -0.0022222222222222222, -0.0022222222222222222, -0.0022222222222222222, -0.0022222222222222222, -0.0022222222222222222, -0.0022222222222222222, -0.0022222222222222222]","[0, 0, 0, 0, 0, 0, 0, 0, 0, 0, 0, 0, 0, 0, 0, 0, 0, 0, 0, 0, 0, 0, 0, 0, 0, 0, 0, 0, 0, 0, 0, 0, 0, 0, 0, 0, 0, 0, 0, 0, 0, 0, 0, 0, 0, 0, 0, 0, 0, 0, 0, 0, 0, 0, 0, 0, 0, 0, 0, 0, 0, 0, 0, 0, 0, 0, 0, 0, 0, 0, 0, 0, 0, 0, 0, 0, 0, 0, 0, 0, 0, 0, 0, 0, 0, 0, 0]","[0, 0, 0, 0, 0, 0, 0, 0, 0, 0, 0, 0, 0, 0, 0, 0, 0, 0, 0, 0, 0, 0, 0, 0, 0, 0, 0, 0, 0, 0, 0, 0, 0, 0, 0, 0, 0, 0, 0, 0, 0, 0, 0, 0, 0, 0, 0, 0, 0, 0, 0, 0, 0, 0, 0, 0, 0, 0, 0, 0, 0, 0, 0, 0, 0, 0, 0, 0, 0, 0, 0, 0, 0, 0, 0, 0, 0, 0, 0, 0, 0, 0, 0, 0, 0, 0, 0]","[0, 0, 0, 0, 0, 0, 0, 0, 0, 0, 0, 0, 0, 0, 0, 0, 0, 0, 0, 0, 0, 0, 0, 0, 0, 0, 0, 0, 0, 0, 0, 0, 0, 0, 0, 0, 0, 0, 0, 0, 0, 0, 0, 0, 0, 0, 0, 0, 0, 0, 0, 0, 0, 0, 0, 0, 0, 0, 0, 0, 0, 0, 0, 0, 0, 0, 0, 0, 0, 0, 0, 0, 0, 0, 0, 0, 0, 0, 0, 0, 0, 0, 0, 0, 0, 0, 0]","[0.0005288329848553985, 0.010481999983312562, 0.017469707992859185, 0.03141495800809935, 0.039080040995031595, 0.0472707909939345, 0.05473187498864718, 0.06388304100255482, 0.07106220800778829, 0.0806391249934677, 0.0875143329903949, 0.09716991599998437, 0.10396574999322183, 0.11346816600416787, 0.12022008298663422, 0.1307927499874495, 0.13758333298028447, 0.1472040829830803, 0.15390524998656474, 0.1642330829927232, 0.17089350000605918, 0.18048374998033978, 0.18730483300168999, 0.1976717079814989, 0.20445691599161364, 0.21381420799298212, 0.22062675000051968, 0.23089087498374283, 0.23820699998759665, 0.24715766598819755, 0.25389120800537057, 0.2642547909927089, 0.27109879098134115, 0.28043691598577425, 0.2870887499884702, 0.2975153329898603, 0.3042681250080932, 0.3138216660008766, 0.32049225000082515, 0.33086816599825397, 0.3372662909969222, 0.3475092079897877, 0.3542638749931939, 0.3639292499865405, 0.3715834580070805, 0.38040699998964556, 0.38773699998273514, 0.3966959579847753, 0.40350783299072646, 0.41415870797936805, 0.42129174998262897, 0.4303102499980014, 0.4373804159986321, 0.44769162498414516, 0.4543298329808749, 0.46472829100093804, 0.47146262499154545, 0.48015833299723454, 0.486885499994969, 0.49771162497927435, 0.5043413329985924, 0.5140184579940978, 0.520904665987473, 0.5313181660021655, 0.5385321250068955, 0.5471744579845108, 0.5542846659955103, 0.5642866249836516, 0.5708679579838645, 0.5799429999897256, 0.586506499996176, 0.5973217499849852, 0.6043074159824755, 0.6137173330062069, 0.6206408749858383, 0.6309217499801889, 0.6377388749970123, 0.6469741250039078, 0.6536199580004904, 0.6643466659879778, 0.6708160410053097, 0.6810702499933541, 0.6875691250024829, 0.6975163749884814, 0.7048592079954688, 0.7144478329864796, 0.7210175000072923]",[],,,,866883,2024-03-27_16h44.25.866,mouse_version_ibl,2023.2.3,None,2024-03-27 16h44.33.210224 +0100,
0.8,0.25,0,0,0,0,0,11,11,13,27.025454916991293,,,,,,27.011147291981615,2.2866503332145394,1,0.8,0.35,29.301759666996077,29.301792249985738,30.084710541996174,"[0.35, 0.35, 0.35, 0.35, 0.35, 0.35, 0.35, 0.35, 0.35, 0.35, 0.35, 0.35, 0.35, 0.35, 0.35, 0.35, 0.35, 0.35, 0.35, 0.35, 0.35, 0.35, 0.35, 0.35, 0.35, 0.35, 0.35, 0.35, 0.35, 0.35, 0.35, 0.35, 0.35, 0.35, 0.35, 0.35, 0.35, 0.35, 0.35, 0.35, 0.35, 0.3488888888888889, 0.34555555555555556, 0.3411111111111111, 0.33555555555555555, 0.3277777777777778, 0.31555555555555553, 0.31555555555555553, 0.29333333333333333, 0.28, 0.28, 0.2511111111111111, 0.22444444444444445, 0.20777777777777778, 0.19444444444444445, 0.18, 0.16777777777777778, 0.15666666666666668, 0.14666666666666667, 0.14222222222222222, 0.12777777777777777, 0.12111111111111111, 0.11666666666666667, 0.11222222222222222, 0.10888888888888888, 0.09777777777777778, 0.09777777777777778, 0.09, 0.09, 0.08, 0.07555555555555556, 0.06888888888888889, 0.06666666666666667, 0.06, 0.05555555555555555, 0.051111111111111114, 0.04666666666666667, 0.043333333333333335, 0.04111111111111111, 0.04, 0.03777777777777778, 0.03777777777777778, 0.03777777777777778, 0.03666666666666667, 0.03666666666666667, 0.03666666666666667, 0.03666666666666667, 0.03666666666666667, 0.03666666666666667, 0.035555555555555556, 0.034444444444444444]","[0.0, 0.0, 0.0, 0.0, 0.0, 0.0, 0.0, 0.0, 0.0, 0.0, 0.0, 0.0, 0.0, 0.0, 0.0, 0.0, 0.0, 0.0, 0.0, 0.0, 0.0, 0.0, 0.0, 0.0, 0.0, 0.0, 0.0, 0.0, 0.0, 0.0, 0.0, 0.0, 0.0, 0.0, 0.0, 0.0, 0.0, 0.0, 0.0, 0.0, 0.0, 0.0, 0.0, 0.0, 0.0, 0.0, 0.0, 0.0, 0.0033333333333333335, 0.006666666666666667, 0.006666666666666667, 0.012222222222222223, 0.017777777777777778, 0.022222222222222223, 0.025555555555555557, 0.028888888888888888, 0.03111111111111111, 0.03333333333333333, 0.034444444444444444, 0.034444444444444444, 0.035555555555555556, 0.035555555555555556, 0.035555555555555556, 0.035555555555555556, 0.035555555555555556, 0.035555555555555556, 0.035555555555555556, 0.035555555555555556, 0.035555555555555556, 0.035555555555555556, 0.035555555555555556, 0.034444444444444444, 0.034444444444444444, 0.03333333333333333, 0.03222222222222222, 0.03111111111111111, 0.03111111111111111, 0.03111111111111111, 0.03, 0.03, 0.03, 0.03, 0.028888888888888888, 0.028888888888888888, 0.028888888888888888, 0.028888888888888888, 0.028888888888888888, 0.028888888888888888, 0.028888888888888888, 0.028888888888888888, 0.028888888888888888]","[0, 0, 0, 0, 0, 0, 0, 0, 0, 0, 0, 0, 0, 0, 0, 0, 0, 0, 0, 0, 0, 0, 0, 0, 0, 0, 0, 0, 0, 0, 0, 0, 0, 0, 0, 0, 0, 0, 0, 0, 0, 0, 0, 0, 0, 0, 0, 0, 0, 0, 0, 0, 0, 0, 0, 0, 0, 0, 0, 0, 0, 0, 0, 0, 0, 0, 0, 0, 0, 0, 0, 0, 0, 0, 0, 0, 0, 0, 0, 0, 0, 0, 0, 0, 0, 0, 0, 0, 0, 0, 0]","[0, 0, 0, 0, 0, 0, 0, 0, 0, 0, 0, 0, 0, 0, 0, 0, 0, 0, 0, 0, 0, 0, 0, 0, 0, 0, 0, 0, 0, 0, 0, 0, 0, 0, 0, 0, 0, 0, 0, 0, 0, 0, 0, 0, 0, 0, 0, 0, 0, 0, 0, 0, 0, 0, 0, 0, 0, 0, 0, 0, 0, 0, 0, 0, 0, 0, 0, 0, 0, 0, 0, 0, 0, 0, 0, 0, 0, 0, 0, 0, 0, 0, 0, 0, 0, 0, 0, 0, 0, 0, 0]","[0, 0, 0, 0, 0, 0, 0, 0, 0, 0, 0, 0, 0, 0, 0, 0, 0, 0, 0, 0, 0, 0, 0, 0, 0, 0, 0, 0, 0, 0, 0, 0, 0, 0, 0, 0, 0, 0, 0, 0, 0, 0, 0, 0, 0, 0, 0, 0, 0, 0, 0, 0, 0, 0, 0, 0, 0, 0, 0, 0, 0, 0, 0, 0, 0, 0, 0, 0, 0, 0, 0, 0, 0, 0, 0, 0, 0, 0, 0, 0, 0, 0, 0, 0, 0, 0, 0, 0, 0, 0, 0]","[0.0005340420175343752, 0.010334958002204075, 0.01704529201379046, 0.031043625000165775, 0.038556500017875805, 0.046921500004827976, 0.05440012499457225, 0.06346175001817755, 0.07027358299819753, 0.08046945801470429, 0.08804870801395737, 0.09673316701082513, 0.10343437499250285, 0.11380820799968205, 0.12047004199121147, 0.13022812499548309, 0.1370177920034621, 0.147130625002319, 0.15385520801646635, 0.16344204201595858, 0.17011400000774302, 0.18054270799621008, 0.18720279200351797, 0.19677470801980235, 0.20350808301009238, 0.21388808300253004, 0.22075741700246, 0.23009783300221898, 0.2367658750154078, 0.24718366700108163, 0.2538879170024302, 0.2634817920043133, 0.27011429201229475, 0.280528500006767, 0.2873566249909345, 0.29679183301050216, 0.3034785420168191, 0.31387537499540485, 0.32078333300887607, 0.3304838330077473, 0.33826729201246053, 0.3473570420173928, 0.35432845799368806, 0.36377475000335835, 0.3707077080034651, 0.3803761670133099, 0.38729099999181926, 0.39664120800443925, 0.40353683300781995, 0.41297933299210854, 0.41943091701250523, 0.43068991700420156, 0.43715458299266174, 0.4466618330043275, 0.4532866250083316, 0.4636385000194423, 0.4705944170127623, 0.47974266699748114, 0.4868320829991717, 0.500366958003724, 0.5142199580150191, 0.5208945000194944, 0.5305000829976052, 0.5376295419991948, 0.5472505830111913, 0.554286750004394, 0.563204083009623, 0.5698922500014305, 0.5807788750098553, 0.5874336250126362, 0.5962087920051999, 0.6029757499927655, 0.6136500830180012, 0.6201842919981573, 0.6302887499914505, 0.6372245830134489, 0.647194249992026, 0.6539117920037825, 0.6640230000193696, 0.6710963750083465, 0.680476625013398, 0.6874575419933535, 0.6964868330105674, 0.7026740419969428, 0.7142787500051782, 0.7203860830049962, 0.7306509579939302, 0.7371772920014337, 0.7472616670129355, 0.753790167014813, 0.7629249170131516]",[],,,,866883,2024-03-27_16h44.25.866,mouse_version_ibl,2023.2.3,None,2024-03-27 16h44.33.210224 +0100,
0.8,0.25,0,0,0,0,0,12,12,3,30.101815166999586,,,,,,30.086802999983774,2.00849656577634,1,0.8,0.35,32.10170479197404,32.10173424999812,32.82580366698676,"[0.35, 0.35, 0.35, 0.35, 0.35, 0.35, 0.35, 0.35, 0.35, 0.35, 0.35, 0.35, 0.35, 0.35, 0.35, 0.35, 0.35, 0.35, 0.35, 0.35, 0.35, 0.35, 0.35, 0.35, 0.35, 0.35, 0.35, 0.35, 0.35, 0.35, 0.35, 0.35, 0.35, 0.35, 0.35, 0.35, 0.35, 0.35, 0.35, 0.35, 0.35, 0.35, 0.35, 0.35, 0.35, 0.35, 0.35, 0.35, 0.35, 0.35, 0.35, 0.35, 0.35, 0.35, 0.35, 0.35, 0.35, 0.35, 0.35, 0.35, 0.35, 0.35, 0.35, 0.35, 0.35, 0.35, 0.35, 0.3488888888888889, 0.3488888888888889, 0.3388888888888889, 0.3333333333333333, 0.3233333333333333, 0.31555555555555553, 0.2966666666666667, 0.27444444444444444, 0.25222222222222224, 0.22444444444444445, 0.19333333333333333, 0.1811111111111111, 0.13444444444444445, 0.09444444444444444, 0.06888888888888889, 0.04666666666666667, 0.04666666666666667, 0.012222222222222223]","[0.0, 0.0, 0.0, 0.0, 0.0, 0.0, 0.0, 0.0, 0.0, 0.0, 0.0, 0.0, 0.0, 0.0, 0.0, 0.0, 0.0, 0.0, 0.0, 0.0, 0.0, 0.0, 0.0, 0.0, 0.0, 0.0, 0.0, 0.0, 0.0, 0.0, 0.0, 0.0, 0.0, 0.0, 0.0, 0.0, 0.0, 0.0, 0.0, 0.0, 0.0, 0.0, 0.0, 0.0, 0.0, 0.0, 0.0, 0.0, 0.0, 0.0, 0.0, 0.0, 0.0, 0.0, 0.0, 0.0, 0.0, 0.0, 0.0, 0.0, 0.0, 0.0, 0.0, 0.0, 0.0, 0.0, 0.0, 0.0, 0.0, 0.0, 0.0, -0.0011111111111111111, -0.0022222222222222222, -0.0044444444444444444, -0.005555555555555556, -0.006666666666666667, -0.008888888888888889, -0.008888888888888889, -0.008888888888888889, -0.008888888888888889, -0.008888888888888889, -0.008888888888888889, -0.008888888888888889, -0.008888888888888889, -0.008888888888888889]","[0, 0, 0, 0, 0, 0, 0, 0, 0, 0, 0, 0, 0, 0, 0, 0, 0, 0, 0, 0, 0, 0, 0, 0, 0, 0, 0, 0, 0, 0, 0, 0, 0, 0, 0, 0, 0, 0, 0, 0, 0, 0, 0, 0, 0, 0, 0, 0, 0, 0, 0, 0, 0, 0, 0, 0, 0, 0, 0, 0, 0, 0, 0, 0, 0, 0, 0, 0, 0, 0, 0, 0, 0, 0, 0, 0, 0, 0, 0, 0, 0, 0, 0, 0, 0]","[0, 0, 0, 0, 0, 0, 0, 0, 0, 0, 0, 0, 0, 0, 0, 0, 0, 0, 0, 0, 0, 0, 0, 0, 0, 0, 0, 0, 0, 0, 0, 0, 0, 0, 0, 0, 0, 0, 0, 0, 0, 0, 0, 0, 0, 0, 0, 0, 0, 0, 0, 0, 0, 0, 0, 0, 0, 0, 0, 0, 0, 0, 0, 0, 0, 0, 0, 0, 0, 0, 0, 0, 0, 0, 0, 0, 0, 0, 0, 0, 0, 0, 0, 0, 0]","[0, 0, 0, 0, 0, 0, 0, 0, 0, 0, 0, 0, 0, 0, 0, 0, 0, 0, 0, 0, 0, 0, 0, 0, 0, 0, 0, 0, 0, 0, 0, 0, 0, 0, 0, 0, 0, 0, 0, 0, 0, 0, 0, 0, 0, 0, 0, 0, 0, 0, 0, 0, 0, 0, 0, 0, 0, 0, 0, 0, 0, 0, 0, 0, 0, 0, 0, 0, 0, 0, 0, 0, 0, 0, 0, 0, 0, 0, 0, 0, 0, 0, 0, 0, 0]","[0.0005253750132396817, 0.010451875015860423, 0.01780858400161378, 0.03221725000184961, 0.03900470898952335, 0.048181958991335705, 0.0548770000168588, 0.06510329199954867, 0.07194316701497883, 0.08149775001220405, 0.08824270899640396, 0.09847425000043586, 0.1051560000050813, 0.1147444169910159, 0.1214907499961555, 0.1319342500064522, 0.13873483400675468, 0.14811999999801628, 0.15492283401545137, 0.165156000002753, 0.17201149999164045, 0.18142854201141745, 0.18805645901011303, 0.1984887919970788, 0.20534879199112765, 0.21479445899603888, 0.2214418750081677, 0.2319277090136893, 0.23860466701444238, 0.24803404201520607, 0.254646417015465, 0.2651143750117626, 0.27175091701792553, 0.28162645900738426, 0.2885094170051161, 0.2981442089949269, 0.3049345000181347, 0.31515045900596306, 0.3218711249937769, 0.331529999995837, 0.33829375001369044, 0.34813445899635553, 0.354858292004792, 0.36513770901365206, 0.3717424590140581, 0.3813015840132721, 0.38788712499081157, 0.39836141699925065, 0.40472012499230914, 0.4151540420134552, 0.4218037920072675, 0.43147262500133365, 0.43796083400957286, 0.44857387500815094, 0.45529987500049174, 0.4647485419991426, 0.4714791669975966, 0.4817500000062864, 0.4882287090003956, 0.49855462499544956, 0.5052524589991663, 0.5147865420149174, 0.5212937920005061, 0.5320533750054892, 0.5387609169993084, 0.5479947089916095, 0.5547217919956893, 0.5644959170022048, 0.571788834000472, 0.5821920839953236, 0.5891799590026494, 0.5984652499901131, 0.6055787499935832, 0.6151402090035845, 0.6221246670174878, 0.6314751250029076, 0.6383077499922365, 0.6486148340045474, 0.6552209999936167, 0.6652880840119906, 0.6721264169900678, 0.6808156670012977, 0.6873912500159349, 0.6992342500016093, 0.7054914589971304]",[],,,,866883,2024-03-27_16h44.25.866,mouse_version_ibl,2023.2.3,None,2024-03-27 16h44.33.210224 +0100,
0.8,0.0625,0,0,0,0,0,13,13,6,32.84190991698415,,,,,,32.82781624997733,1.3153550933918785,-1,0.8,-0.35,34.140682041994296,34.1407081669895,34.72560695797438,"[-0.35, -0.35, -0.35, -0.35, -0.35, -0.35, -0.35, -0.35, -0.35, -0.35, -0.35, -0.35, -0.35, -0.35, -0.35, -0.35, -0.35, -0.35, -0.35, -0.35, -0.35, -0.35, -0.35, -0.35, -0.35, -0.35, -0.35, -0.35, -0.35, -0.35, -0.35, -0.35, -0.35, -0.35, -0.35, -0.35, -0.35, -0.35, -0.35, -0.35, -0.35, -0.34444444444444444, -0.3411111111111111, -0.33111111111111113, -0.32222222222222224, -0.31222222222222223, -0.2866666666666667, -0.2866666666666667, -0.25555555555555554, -0.2388888888888889, -0.22555555555555556, -0.2111111111111111, -0.2, -0.18555555555555556, -0.1711111111111111, -0.16, -0.14555555555555555, -0.13555555555555557, -0.12444444444444444, -0.11444444444444445, -0.10444444444444445, -0.09444444444444444, -0.08555555555555555, -0.07777777777777778, -0.06777777777777778, -0.06, -0.043333333333333335, -0.043333333333333335, -0.034444444444444444]","[0.0, 0.0, 0.0, 0.0, 0.0, 0.0, 0.0, 0.0, 0.0, 0.0, 0.0, 0.0, 0.0, 0.0, 0.0, 0.0, 0.0, 0.0, 0.0, 0.0, 0.0, 0.0, 0.0, 0.0, 0.0, 0.0, 0.0, 0.0, 0.0, 0.0, 0.0, 0.0, 0.0, 0.0, 0.0, 0.0, 0.0, 0.0, 0.0, 0.0, 0.0, 0.0, 0.0, 0.0, 0.0, 0.0, 0.0, 0.0, 0.0, 0.0, 0.0, 0.0, 0.0, 0.0, 0.0011111111111111111, 0.0011111111111111111, 0.0022222222222222222, 0.0033333333333333335, 0.0033333333333333335, 0.0044444444444444444, 0.005555555555555556, 0.006666666666666667, 0.0077777777777777776, 0.008888888888888889, 0.008888888888888889, 0.008888888888888889, 0.008888888888888889, 0.008888888888888889, 0.008888888888888889]","[0, 0, 0, 0, 0, 0, 0, 0, 0, 0, 0, 0, 0, 0, 0, 0, 0, 0, 0, 0, 0, 0, 0, 0, 0, 0, 0, 0, 0, 0, 0, 0, 0, 0, 0, 0, 0, 0, 0, 0, 0, 0, 0, 0, 0, 0, 0, 0, 0, 0, 0, 0, 0, 0, 0, 0, 0, 0, 0, 0, 0, 0, 0, 0, 0, 0, 0, 0, 0]","[0, 0, 0, 0, 0, 0, 0, 0, 0, 0, 0, 0, 0, 0, 0, 0, 0, 0, 0, 0, 0, 0, 0, 0, 0, 0, 0, 0, 0, 0, 0, 0, 0, 0, 0, 0, 0, 0, 0, 0, 0, 0, 0, 0, 0, 0, 0, 0, 0, 0, 0, 0, 0, 0, 0, 0, 0, 0, 0, 0, 0, 0, 0, 0, 0, 0, 0, 0, 0]","[0, 0, 0, 0, 0, 0, 0, 0, 0, 0, 0, 0, 0, 0, 0, 0, 0, 0, 0, 0, 0, 0, 0, 0, 0, 0, 0, 0, 0, 0, 0, 0, 0, 0, 0, 0, 0, 0, 0, 0, 0, 0, 0, 0, 0, 0, 0, 0, 0, 0, 0, 0, 0, 0, 0, 0, 0, 0, 0, 0, 0, 0, 0, 0, 0, 0, 0, 0, 0]","[0.0005004999984521419, 0.010263417003443465, 0.017658458004007116, 0.02594254197902046, 0.03332733298884705, 0.04203133299597539, 0.04886741700465791, 0.05958987498888746, 0.06626033299835399, 0.07578108299640007, 0.08246970799518749, 0.09286141698248684, 0.09965887499856763, 0.1087186670047231, 0.11552933297934942, 0.12620562498341314, 0.1328109169844538, 0.14242141699651256, 0.14908775000367314, 0.15952724998351187, 0.16630549999536015, 0.17574649999733083, 0.18259787498391233, 0.1928261669818312, 0.19957229198189452, 0.20901183297974057, 0.21570850000716746, 0.22627183300210163, 0.23307891699369065, 0.2424260829866398, 0.24914504200569354, 0.2594644579803571, 0.2662486670014914, 0.2753243329934776, 0.28197266699862666, 0.2928866669826675, 0.2996856670069974, 0.3090904580021743, 0.31576399999903515, 0.3267709579959046, 0.3342523750034161, 0.3422622079961002, 0.3491492499888409, 0.3597387079789769, 0.36678391697932966, 0.3755837079952471, 0.3827547079999931, 0.39294470800086856, 0.3997924999857787, 0.4084681670065038, 0.41503712499979883, 0.42596766698989086, 0.43253658298635855, 0.44277395799872465, 0.4502587500028312, 0.4586036669788882, 0.46590774998185225, 0.47639324999181554, 0.4833170420024544, 0.49298716700286604, 0.5002612079842947, 0.5095120829937514, 0.5164946249860805, 0.5261305419844575, 0.5329949999868404, 0.5428366669802926, 0.5500792499806266, 0.5596911669999827, 0.5664150420052465]",[],,,,866883,2024-03-27_16h44.25.866,mouse_version_ibl,2023.2.3,None,2024-03-27 16h44.33.210224 +0100,
0.8,0.03,0,0,0,0,0,14,14,0,34.74163549998775,,,,,,34.72732416697545,1.1379967997611447,1,0.8,0.35,35.868589041987434,35.86862158298027,36.62545749999117,"[0.35, 0.35, 0.35, 0.35, 0.35, 0.35, 0.35, 0.35, 0.35, 0.35, 0.35, 0.35, 0.35, 0.35, 0.35, 0.35, 0.35, 0.35, 0.35, 0.35, 0.35, 0.35, 0.35, 0.35, 0.35, 0.35, 0.35, 0.35, 0.35, 0.35, 0.35, 0.35, 0.35, 0.35, 0.35, 0.35, 0.35, 0.35, 0.35, 0.35, 0.35, 0.35, 0.35, 0.35, 0.35, 0.35, 0.35, 0.35, 0.35, 0.35, 0.35, 0.35, 0.35, 0.35, 0.35, 0.35, 0.35, 0.35, 0.35, 0.35, 0.35, 0.35, 0.3488888888888889, 0.34555555555555556, 0.3411111111111111, 0.33555555555555555, 0.32222222222222224, 0.32222222222222224, 0.30777777777777776, 0.30777777777777776, 0.29333333333333333, 0.29333333333333333, 0.2511111111111111, 0.2511111111111111, 0.2222222222222222, 0.20333333333333334, 0.20333333333333334, 0.16555555555555557, 0.14666666666666667, 0.12666666666666668, 0.1111111111111111, 0.09444444444444444, 0.07111111111111111, 0.06111111111111111, 0.051111111111111114, 0.043333333333333335, 0.03666666666666667, 0.028888888888888888]","[0.0, 0.0, 0.0, 0.0, 0.0, 0.0, 0.0, 0.0, 0.0, 0.0, 0.0, 0.0, 0.0, 0.0, 0.0, 0.0, 0.0, 0.0, 0.0, 0.0, 0.0, 0.0, 0.0, 0.0, 0.0, 0.0, 0.0, 0.0, 0.0, 0.0, 0.0, 0.0, 0.0, 0.0, 0.0, 0.0, 0.0, 0.0, 0.0, 0.0, 0.0, 0.0, 0.0, 0.0, 0.0, 0.0, 0.0, 0.0, 0.0, 0.0, 0.0, 0.0, 0.0, 0.0, 0.0, 0.0, 0.0, 0.0, 0.0, 0.0, 0.0, 0.0, 0.0, 0.0, 0.0, 0.0, 0.0, 0.0, 0.0, 0.0, 0.0, 0.0, 0.0, 0.0, 0.0, 0.0, 0.0, 0.0022222222222222222, 0.0033333333333333335, 0.0044444444444444444, 0.005555555555555556, 0.0077777777777777776, 0.01, 0.011111111111111112, 0.012222222222222223, 0.013333333333333334, 0.013333333333333334, 0.014444444444444444]","[0, 0, 0, 0, 0, 0, 0, 0, 0, 0, 0, 0, 0, 0, 0, 0, 0, 0, 0, 0, 0, 0, 0, 0, 0, 0, 0, 0, 0, 0, 0, 0, 0, 0, 0, 0, 0, 0, 0, 0, 0, 0, 0, 0, 0, 0, 0, 0, 0, 0, 0, 0, 0, 0, 0, 0, 0, 0, 0, 0, 0, 0, 0, 0, 0, 0, 0, 0, 0, 0, 0, 0, 0, 0, 0, 0, 0, 0, 0, 0, 0, 0, 0, 0, 0, 0, 0, 0]","[0, 0, 0, 0, 0, 0, 0, 0, 0, 0, 0, 0, 0, 0, 0, 0, 0, 0, 0, 0, 0, 0, 0, 0, 0, 0, 0, 0, 0, 0, 0, 0, 0, 0, 0, 0, 0, 0, 0, 0, 0, 0, 0, 0, 0, 0, 0, 0, 0, 0, 0, 0, 0, 0, 0, 0, 0, 0, 0, 0, 0, 0, 0, 0, 0, 0, 0, 0, 0, 0, 0, 0, 0, 0, 0, 0, 0, 0, 0, 0, 0, 0, 0, 0, 0, 0, 0, 0]","[0, 0, 0, 0, 0, 0, 0, 0, 0, 0, 0, 0, 0, 0, 0, 0, 0, 0, 0, 0, 0, 0, 0, 0, 0, 0, 0, 0, 0, 0, 0, 0, 0, 0, 0, 0, 0, 0, 0, 0, 0, 0, 0, 0, 0, 0, 0, 0, 0, 0, 0, 0, 0, 0, 0, 0, 0, 0, 0, 0, 0, 0, 0, 0, 0, 0, 0, 0, 0, 0, 0, 0, 0, 0, 0, 0, 0, 0, 0, 0, 0, 0, 0, 0, 0, 0, 0, 0]","[0.0005087080062367022, 0.01045479200547561, 0.018067750002956018, 0.032285708002746105, 0.03904816700378433, 0.048225458012893796, 0.054912124993279576, 0.06526191701414064, 0.07197391701629385, 0.081464250019053, 0.08824304200243205, 0.09857983299298212, 0.10537541701341979, 0.11480275000212714, 0.12159225001232699, 0.13190629199380055, 0.13857787501183338, 0.14821533299982548, 0.15501966699957848, 0.1648866250179708, 0.1716834580001887, 0.18181712500518188, 0.18849937501363456, 0.1982099169981666, 0.20499324999400415, 0.21529441699385643, 0.22202762501547113, 0.2314381250180304, 0.23821237499942072, 0.24862125000800006, 0.2553070830181241, 0.26498850001371466, 0.2715635829954408, 0.28185462500550784, 0.28854633300215937, 0.2982007920218166, 0.3050439170037862, 0.3152139169978909, 0.32185579201905057, 0.33185849999426864, 0.33848179201595485, 0.3483454580127727, 0.3550490420020651, 0.36526016701827757, 0.37184350000461563, 0.38186158300959505, 0.3884869580215309, 0.3982821670069825, 0.40486750000854954, 0.41534500001580454, 0.4220899170031771, 0.43164200001046993, 0.43841816700296476, 0.44857608299935237, 0.45513025001855567, 0.46498029201757163, 0.4715515830030199, 0.4818282920168713, 0.4884700420079753, 0.49835212499601766, 0.5050482920196373, 0.5156847080215812, 0.5227624170074705, 0.5318339579971507, 0.5390732499945443, 0.5489166250044946, 0.5562440830108244, 0.5652344170084689, 0.5723551670089364, 0.5817084580194205, 0.5882335829955991, 0.5988982919952832, 0.6053351250011474, 0.6155282919935416, 0.6221785829984583, 0.6310473330086097, 0.6376370830112137, 0.6485037920065224, 0.655601292004576, 0.6652760830183979, 0.6719601670047268, 0.6857304580044001, 0.6989971669972874, 0.705758958007209, 0.7145595420151949, 0.7211312080034986, 0.7320464999938849, 0.7385678330028895]",[],,,,866883,2024-03-27_16h44.25.866,mouse_version_ibl,2023.2.3,None,2024-03-27 16h44.33.210224 +0100,
,,,,,,,,,,,,,,,,,,,,,,,,,,,,,,,36.62747449998278,36.64007179197506,36.64007179197506,,,,,,,
